-- phpMyAdmin SQL Dump
-- version 4.9.5deb2
-- https://www.phpmyadmin.net/
--
-- Servidor: localhost:3306
-- Tiempo de generación: 14-02-2021 a las 18:24:03
-- Versión del servidor: 8.0.23-0ubuntu0.20.04.1
-- Versión de PHP: 7.4.3

SET SQL_MODE = "NO_AUTO_VALUE_ON_ZERO";
SET AUTOCOMMIT = 0;
START TRANSACTION;
SET time_zone = "+00:00";


/*!40101 SET @OLD_CHARACTER_SET_CLIENT=@@CHARACTER_SET_CLIENT */;
/*!40101 SET @OLD_CHARACTER_SET_RESULTS=@@CHARACTER_SET_RESULTS */;
/*!40101 SET @OLD_COLLATION_CONNECTION=@@COLLATION_CONNECTION */;
/*!40101 SET NAMES utf8mb4 */;

--
-- Base de datos: `CalendarioMaya`
--

-- --------------------------------------------------------

--
-- Estructura de tabla para la tabla `calendariocholqij`
--

CREATE TABLE `calendariocholqij` (
  `id` int NOT NULL,
  `nahual` int NOT NULL,
  `energia` int NOT NULL,
  `fecha` date NOT NULL,
  `descripcion` varchar(5000) DEFAULT NULL
) ENGINE=InnoDB DEFAULT CHARSET=utf8;

--
-- Volcado de datos para la tabla `calendariocholqij`
--

INSERT INTO `calendariocholqij` (`id`, `nahual`, `energia`, `fecha`, `descripcion`) VALUES
(1, 1, 1, '2020-01-01', 'SIN DESCRIPCION'),
(2, 2, 1, '2020-01-02', 'SIN DESCRIPCION'),
(3, 3, 1, '2020-01-03', 'SIN DESCRIPCION'),
(4, 4, 1, '2020-01-04', 'SIN DESCRIPCION'),
(5, 5, 1, '2020-01-05', 'SIN DESCRIPCION'),
(6, 6, 1, '2020-01-06', 'SIN DESCRIPCION'),
(7, 7, 1, '2020-01-07', 'SIN DESCRIPCION'),
(8, 8, 1, '2020-01-08', 'SIN DESCRIPCION'),
(9, 9, 1, '2020-01-09', 'SIN DESCRIPCION'),
(10, 10, 1, '2020-01-10', 'SIN DESCRIPCION'),
(11, 11, 1, '2020-01-11', 'SIN DESCRIPCION'),
(12, 12, 1, '2020-01-12', 'SIN DESCRIPCION'),
(13, 13, 1, '2020-01-13', 'SIN DESCRIPCION'),
(14, 14, 1, '2020-01-14', 'SIN DESCRIPCION'),
(15, 15, 1, '2020-01-15', 'SIN DESCRIPCION'),
(16, 16, 1, '2020-01-16', 'SIN DESCRIPCION'),
(17, 17, 1, '2020-01-17', 'SIN DESCRIPCION'),
(18, 18, 1, '2020-01-18', 'SIN DESCRIPCION'),
(19, 19, 1, '2020-01-19', 'SIN DESCRIPCION'),
(20, 20, 1, '2020-01-20', 'SIN DESCRIPCION'),
(21, 1, 2, '2020-01-21', 'SIN DESCRIPCION'),
(22, 2, 2, '2020-01-22', 'SIN DESCRIPCION'),
(23, 3, 2, '2020-01-23', 'SIN DESCRIPCION'),
(24, 4, 2, '2020-01-24', 'SIN DESCRIPCION'),
(25, 5, 2, '2020-01-25', 'SIN DESCRIPCION'),
(26, 6, 2, '2020-01-26', 'SIN DESCRIPCION'),
(27, 7, 2, '2020-01-27', 'SIN DESCRIPCION'),
(28, 8, 2, '2020-01-28', 'SIN DESCRIPCION'),
(29, 9, 2, '2020-01-29', 'SIN DESCRIPCION'),
(30, 10, 2, '2020-01-30', 'SIN DESCRIPCION'),
(31, 11, 2, '2020-01-31', 'SIN DESCRIPCION'),
(32, 12, 2, '2020-02-01', 'SIN DESCRIPCION'),
(33, 13, 2, '2020-02-02', 'SIN DESCRIPCION'),
(34, 14, 2, '2020-02-03', 'SIN DESCRIPCION'),
(35, 15, 2, '2020-02-04', 'SIN DESCRIPCION'),
(36, 16, 2, '2020-02-05', 'SIN DESCRIPCION'),
(37, 17, 2, '2020-02-06', 'SIN DESCRIPCION'),
(38, 18, 2, '2020-02-07', 'SIN DESCRIPCION'),
(39, 19, 2, '2020-02-08', 'SIN DESCRIPCION'),
(40, 20, 2, '2020-02-09', 'SIN DESCRIPCION'),
(41, 1, 3, '2020-02-10', 'SIN DESCRIPCION'),
(42, 2, 3, '2020-02-11', 'SIN DESCRIPCION'),
(43, 3, 3, '2020-02-12', 'SIN DESCRIPCION'),
(44, 4, 3, '2020-02-13', 'SIN DESCRIPCION'),
(45, 5, 3, '2020-02-14', 'SIN DESCRIPCION'),
(46, 6, 3, '2020-02-15', 'SIN DESCRIPCION'),
(47, 7, 3, '2020-02-16', 'SIN DESCRIPCION'),
(48, 8, 3, '2020-02-17', 'SIN DESCRIPCION'),
(49, 9, 3, '2020-02-18', 'SIN DESCRIPCION'),
(50, 10, 3, '2020-02-19', 'SIN DESCRIPCION'),
(51, 11, 3, '2020-02-20', 'SIN DESCRIPCION'),
(52, 12, 3, '2020-02-21', 'SIN DESCRIPCION'),
(53, 13, 3, '2020-02-22', 'SIN DESCRIPCION'),
(54, 14, 3, '2020-02-23', 'SIN DESCRIPCION'),
(55, 15, 3, '2020-02-24', 'SIN DESCRIPCION'),
(56, 16, 3, '2020-02-25', 'SIN DESCRIPCION'),
(57, 17, 3, '2020-02-26', 'SIN DESCRIPCION'),
(58, 18, 3, '2020-02-27', 'SIN DESCRIPCION'),
(59, 19, 3, '2020-02-28', 'SIN DESCRIPCION'),
(60, 20, 3, '2020-03-01', 'SIN DESCRIPCION'),
(61, 1, 4, '2020-03-02', 'SIN DESCRIPCION'),
(62, 2, 4, '2020-03-03', 'SIN DESCRIPCION'),
(63, 3, 4, '2020-03-04', 'SIN DESCRIPCION'),
(64, 4, 4, '2020-03-05', 'SIN DESCRIPCION'),
(65, 5, 4, '2020-03-06', 'SIN DESCRIPCION'),
(66, 6, 4, '2020-03-07', 'SIN DESCRIPCION'),
(67, 7, 4, '2020-03-08', 'SIN DESCRIPCION'),
(68, 8, 4, '2020-03-09', 'SIN DESCRIPCION'),
(69, 9, 4, '2020-03-10', 'SIN DESCRIPCION'),
(70, 10, 4, '2020-03-11', 'SIN DESCRIPCION'),
(71, 11, 4, '2020-03-12', 'SIN DESCRIPCION'),
(72, 12, 4, '2020-03-13', 'SIN DESCRIPCION'),
(73, 13, 4, '2020-03-14', 'SIN DESCRIPCION'),
(74, 14, 4, '2020-03-15', 'SIN DESCRIPCION'),
(75, 15, 4, '2020-03-16', 'SIN DESCRIPCION'),
(76, 16, 4, '2020-03-17', 'SIN DESCRIPCION'),
(77, 17, 4, '2020-03-18', 'SIN DESCRIPCION'),
(78, 18, 4, '2020-03-19', 'SIN DESCRIPCION'),
(79, 19, 4, '2020-03-20', 'SIN DESCRIPCION'),
(80, 20, 4, '2020-03-21', 'SIN DESCRIPCION'),
(81, 1, 5, '2020-03-22', 'SIN DESCRIPCION'),
(82, 2, 5, '2020-03-23', 'SIN DESCRIPCION'),
(83, 3, 5, '2020-03-24', 'SIN DESCRIPCION'),
(84, 4, 5, '2020-03-25', 'SIN DESCRIPCION'),
(85, 5, 5, '2020-03-26', 'SIN DESCRIPCION'),
(86, 6, 5, '2020-03-27', 'SIN DESCRIPCION'),
(87, 7, 5, '2020-03-28', 'SIN DESCRIPCION'),
(88, 8, 5, '2020-03-29', 'SIN DESCRIPCION'),
(89, 9, 5, '2020-03-30', 'SIN DESCRIPCION'),
(90, 10, 5, '2020-03-31', 'SIN DESCRIPCION'),
(91, 11, 5, '2020-04-01', 'SIN DESCRIPCION'),
(92, 12, 5, '2020-04-02', 'SIN DESCRIPCION'),
(93, 13, 5, '2020-04-03', 'SIN DESCRIPCION'),
(94, 14, 5, '2020-04-04', 'SIN DESCRIPCION'),
(95, 15, 5, '2020-04-05', 'SIN DESCRIPCION'),
(96, 16, 5, '2020-04-06', 'SIN DESCRIPCION'),
(97, 17, 5, '2020-04-07', 'SIN DESCRIPCION'),
(98, 18, 5, '2020-04-08', 'SIN DESCRIPCION'),
(99, 19, 5, '2020-04-09', 'SIN DESCRIPCION'),
(100, 20, 5, '2020-04-10', 'SIN DESCRIPCION'),
(101, 1, 6, '2020-04-11', 'SIN DESCRIPCION'),
(102, 2, 6, '2020-04-12', 'SIN DESCRIPCION'),
(103, 3, 6, '2020-04-13', 'SIN DESCRIPCION'),
(104, 4, 6, '2020-04-14', 'SIN DESCRIPCION'),
(105, 5, 6, '2020-04-15', 'SIN DESCRIPCION'),
(106, 6, 6, '2020-04-16', 'SIN DESCRIPCION'),
(107, 7, 6, '2020-04-17', 'SIN DESCRIPCION'),
(108, 8, 6, '2020-04-18', 'SIN DESCRIPCION'),
(109, 9, 6, '2020-04-19', 'SIN DESCRIPCION'),
(110, 10, 6, '2020-04-20', 'SIN DESCRIPCION'),
(111, 11, 6, '2020-04-21', 'SIN DESCRIPCION'),
(112, 12, 6, '2020-04-22', 'SIN DESCRIPCION'),
(113, 13, 6, '2020-04-23', 'SIN DESCRIPCION'),
(114, 14, 6, '2020-04-24', 'SIN DESCRIPCION'),
(115, 15, 6, '2020-04-25', 'SIN DESCRIPCION'),
(116, 16, 6, '2020-04-26', 'SIN DESCRIPCION'),
(117, 17, 6, '2020-04-27', 'SIN DESCRIPCION'),
(118, 18, 6, '2020-04-28', 'SIN DESCRIPCION'),
(119, 19, 6, '2020-04-29', 'SIN DESCRIPCION'),
(120, 20, 6, '2020-04-30', 'SIN DESCRIPCION'),
(121, 1, 7, '2020-05-01', 'SIN DESCRIPCION'),
(122, 2, 7, '2020-05-02', 'SIN DESCRIPCION'),
(123, 3, 7, '2020-05-03', 'SIN DESCRIPCION'),
(124, 4, 7, '2020-05-04', 'SIN DESCRIPCION'),
(125, 5, 7, '2020-05-05', 'SIN DESCRIPCION'),
(126, 6, 7, '2020-05-06', 'SIN DESCRIPCION'),
(127, 7, 7, '2020-05-07', 'SIN DESCRIPCION'),
(128, 8, 7, '2020-05-08', 'SIN DESCRIPCION'),
(129, 9, 7, '2020-05-09', 'SIN DESCRIPCION'),
(130, 10, 7, '2020-05-10', 'SIN DESCRIPCION'),
(131, 11, 7, '2020-05-11', 'SIN DESCRIPCION'),
(132, 12, 7, '2020-05-12', 'SIN DESCRIPCION'),
(133, 13, 7, '2020-05-13', 'SIN DESCRIPCION'),
(134, 14, 7, '2020-05-14', 'SIN DESCRIPCION'),
(135, 15, 7, '2020-05-15', 'SIN DESCRIPCION'),
(136, 16, 7, '2020-05-16', 'SIN DESCRIPCION'),
(137, 17, 7, '2020-05-17', 'SIN DESCRIPCION'),
(138, 18, 7, '2020-05-18', 'SIN DESCRIPCION'),
(139, 19, 7, '2020-05-19', 'SIN DESCRIPCION'),
(140, 20, 7, '2020-05-20', 'SIN DESCRIPCION'),
(141, 1, 8, '2020-05-21', 'SIN DESCRIPCION'),
(142, 2, 8, '2020-05-22', 'SIN DESCRIPCION'),
(143, 3, 8, '2020-05-23', 'SIN DESCRIPCION'),
(144, 4, 8, '2020-05-24', 'SIN DESCRIPCION'),
(145, 5, 8, '2020-05-25', 'SIN DESCRIPCION'),
(146, 6, 8, '2020-05-26', 'SIN DESCRIPCION'),
(147, 7, 8, '2020-05-27', 'SIN DESCRIPCION'),
(148, 8, 8, '2020-05-28', 'SIN DESCRIPCION'),
(149, 9, 8, '2020-05-29', 'SIN DESCRIPCION'),
(150, 10, 8, '2020-05-30', 'SIN DESCRIPCION'),
(151, 11, 8, '2020-05-31', 'SIN DESCRIPCION'),
(152, 12, 8, '2020-06-01', 'SIN DESCRIPCION'),
(153, 13, 8, '2020-06-02', 'SIN DESCRIPCION'),
(154, 14, 8, '2020-06-03', 'SIN DESCRIPCION'),
(155, 15, 8, '2020-06-04', 'SIN DESCRIPCION'),
(156, 16, 8, '2020-06-05', 'SIN DESCRIPCION'),
(157, 17, 8, '2020-06-06', 'SIN DESCRIPCION'),
(158, 18, 8, '2020-06-07', 'SIN DESCRIPCION'),
(159, 19, 8, '2020-06-08', 'SIN DESCRIPCION'),
(160, 20, 8, '2020-06-09', 'SIN DESCRIPCION'),
(161, 1, 9, '2020-06-10', 'SIN DESCRIPCION'),
(162, 2, 9, '2020-06-11', 'SIN DESCRIPCION'),
(163, 3, 9, '2020-06-12', 'SIN DESCRIPCION'),
(164, 4, 9, '2020-06-13', 'SIN DESCRIPCION'),
(165, 5, 9, '2020-06-14', 'SIN DESCRIPCION'),
(166, 6, 9, '2020-06-15', 'SIN DESCRIPCION'),
(167, 7, 9, '2020-06-16', 'SIN DESCRIPCION'),
(168, 8, 9, '2020-06-17', 'SIN DESCRIPCION'),
(169, 9, 9, '2020-06-18', 'SIN DESCRIPCION'),
(170, 10, 9, '2020-06-19', 'SIN DESCRIPCION'),
(171, 11, 9, '2020-06-20', 'SIN DESCRIPCION'),
(172, 12, 9, '2020-06-21', 'SIN DESCRIPCION'),
(173, 13, 9, '2020-06-22', 'SIN DESCRIPCION'),
(174, 14, 9, '2020-06-23', 'SIN DESCRIPCION'),
(175, 15, 9, '2020-06-24', 'SIN DESCRIPCION'),
(176, 16, 9, '2020-06-25', 'SIN DESCRIPCION'),
(177, 17, 9, '2020-06-26', 'SIN DESCRIPCION'),
(178, 18, 9, '2020-06-27', 'SIN DESCRIPCION'),
(179, 19, 9, '2020-06-28', 'SIN DESCRIPCION'),
(180, 20, 9, '2020-06-29', 'SIN DESCRIPCION'),
(181, 1, 10, '2020-06-30', 'SIN DESCRIPCION'),
(182, 2, 10, '2020-07-01', 'SIN DESCRIPCION'),
(183, 3, 10, '2020-07-02', 'SIN DESCRIPCION'),
(184, 4, 10, '2020-07-03', 'SIN DESCRIPCION'),
(185, 5, 10, '2020-07-04', 'SIN DESCRIPCION'),
(186, 6, 10, '2020-07-05', 'SIN DESCRIPCION'),
(187, 7, 10, '2020-07-06', 'SIN DESCRIPCION'),
(188, 8, 10, '2020-07-07', 'SIN DESCRIPCION'),
(189, 9, 10, '2020-07-08', 'SIN DESCRIPCION'),
(190, 10, 10, '2020-07-09', 'SIN DESCRIPCION'),
(191, 11, 10, '2020-07-10', 'SIN DESCRIPCION'),
(192, 12, 10, '2020-07-11', 'SIN DESCRIPCION'),
(193, 13, 10, '2020-07-12', 'SIN DESCRIPCION'),
(194, 14, 10, '2020-07-13', 'SIN DESCRIPCION'),
(195, 15, 10, '2020-07-14', 'SIN DESCRIPCION'),
(196, 16, 10, '2020-07-15', 'SIN DESCRIPCION'),
(197, 17, 10, '2020-07-16', 'SIN DESCRIPCION'),
(198, 18, 10, '2020-07-17', 'SIN DESCRIPCION'),
(199, 19, 10, '2020-07-18', 'SIN DESCRIPCION'),
(200, 20, 10, '2020-07-19', 'SIN DESCRIPCION'),
(201, 1, 11, '2020-07-20', 'SIN DESCRIPCION'),
(202, 2, 11, '2020-07-21', 'SIN DESCRIPCION'),
(203, 3, 11, '2020-07-22', 'SIN DESCRIPCION'),
(204, 4, 11, '2020-07-23', 'SIN DESCRIPCION'),
(205, 5, 11, '2020-07-24', 'SIN DESCRIPCION'),
(206, 6, 11, '2020-07-25', 'SIN DESCRIPCION'),
(207, 7, 11, '2020-07-26', 'SIN DESCRIPCION'),
(208, 8, 11, '2020-07-27', 'SIN DESCRIPCION'),
(209, 9, 11, '2020-07-28', 'SIN DESCRIPCION'),
(210, 10, 11, '2020-07-29', 'SIN DESCRIPCION'),
(211, 11, 11, '2020-07-30', 'SIN DESCRIPCION'),
(212, 12, 11, '2020-07-31', 'SIN DESCRIPCION'),
(213, 13, 11, '2020-08-01', 'SIN DESCRIPCION'),
(214, 14, 11, '2020-08-02', 'SIN DESCRIPCION'),
(215, 15, 11, '2020-08-03', 'SIN DESCRIPCION'),
(216, 16, 11, '2020-08-04', 'SIN DESCRIPCION'),
(217, 17, 11, '2020-08-05', 'SIN DESCRIPCION'),
(218, 18, 11, '2020-08-06', 'SIN DESCRIPCION'),
(219, 19, 11, '2020-08-07', 'SIN DESCRIPCION'),
(220, 20, 11, '2020-08-08', 'SIN DESCRIPCION'),
(221, 1, 12, '2020-08-09', 'SIN DESCRIPCION'),
(222, 2, 12, '2020-08-10', 'SIN DESCRIPCION'),
(223, 3, 12, '2020-08-11', 'SIN DESCRIPCION'),
(224, 4, 12, '2020-08-12', 'SIN DESCRIPCION'),
(225, 5, 12, '2020-08-13', 'SIN DESCRIPCION'),
(226, 6, 12, '2020-08-14', 'SIN DESCRIPCION'),
(227, 7, 12, '2020-08-15', 'SIN DESCRIPCION'),
(228, 8, 12, '2020-08-16', 'SIN DESCRIPCION'),
(229, 9, 12, '2020-08-17', 'SIN DESCRIPCION'),
(230, 10, 12, '2020-08-18', 'SIN DESCRIPCION'),
(231, 11, 12, '2020-08-19', 'SIN DESCRIPCION'),
(232, 12, 12, '2020-08-20', 'SIN DESCRIPCION'),
(233, 13, 12, '2020-08-21', 'SIN DESCRIPCION'),
(234, 14, 12, '2020-08-22', 'SIN DESCRIPCION'),
(235, 15, 12, '2020-08-23', 'SIN DESCRIPCION'),
(236, 16, 12, '2020-08-24', 'SIN DESCRIPCION'),
(237, 17, 12, '2020-08-25', 'SIN DESCRIPCION'),
(238, 18, 12, '2020-08-26', 'SIN DESCRIPCION'),
(239, 19, 12, '2020-08-27', 'SIN DESCRIPCION'),
(240, 20, 12, '2020-08-28', 'SIN DESCRIPCION'),
(241, 1, 13, '2020-08-29', 'SIN DESCRIPCION'),
(242, 2, 13, '2020-08-30', 'SIN DESCRIPCION'),
(243, 3, 13, '2020-08-31', 'SIN DESCRIPCION'),
(244, 4, 13, '2020-09-01', 'SIN DESCRIPCION'),
(245, 5, 13, '2020-09-02', 'SIN DESCRIPCION'),
(246, 6, 13, '2020-09-03', 'SIN DESCRIPCION'),
(247, 7, 13, '2020-09-04', 'SIN DESCRIPCION'),
(248, 8, 13, '2020-09-05', 'SIN DESCRIPCION'),
(249, 9, 13, '2020-09-06', 'SIN DESCRIPCION'),
(250, 10, 13, '2020-09-07', 'SIN DESCRIPCION'),
(251, 11, 13, '2020-09-08', 'SIN DESCRIPCION'),
(252, 12, 13, '2020-09-09', 'SIN DESCRIPCION'),
(253, 13, 13, '2020-09-10', 'SIN DESCRIPCION'),
(254, 14, 13, '2020-09-11', 'SIN DESCRIPCION'),
(255, 15, 13, '2020-09-12', 'SIN DESCRIPCION'),
(256, 16, 13, '2020-09-13', 'SIN DESCRIPCION'),
(257, 17, 13, '2020-09-14', 'SIN DESCRIPCION'),
(258, 18, 13, '2020-09-15', 'SIN DESCRIPCION'),
(259, 19, 13, '2020-09-16', 'SIN DESCRIPCION'),
(260, 20, 13, '2020-09-17', 'SIN DESCRIPCION');

-- --------------------------------------------------------

--
-- Estructura de tabla para la tabla `calendariohaab`
--

CREATE TABLE `calendariohaab` (
  `id` int NOT NULL,
  `nahual` int NOT NULL,
  `winal` int NOT NULL,
  `nombre` varchar(35) NOT NULL,
  `fecha` date NOT NULL,
  `descripcion` varchar(5000) DEFAULT NULL
) ENGINE=InnoDB DEFAULT CHARSET=utf8;

--
-- Volcado de datos para la tabla `calendariohaab`
--

INSERT INTO `calendariohaab` (`id`, `nahual`, `winal`, `nombre`, `fecha`, `descripcion`) VALUES
(1, 1, 1, 'SIN NOMBRE', '2020-01-01', 'SIN DESCRIPCION'),
(2, 2, 1, 'SIN NOMBRE', '2020-01-02', 'SIN DESCRIPCION'),
(3, 3, 1, 'SIN NOMBRE', '2020-01-03', 'SIN DESCRIPCION'),
(4, 4, 1, 'SIN NOMBRE', '2020-01-04', 'SIN DESCRIPCION'),
(5, 5, 1, 'SIN NOMBRE', '2020-01-05', 'SIN DESCRIPCION'),
(6, 6, 1, 'SIN NOMBRE', '2020-01-06', 'SIN DESCRIPCION'),
(7, 7, 1, 'SIN NOMBRE', '2020-01-07', 'SIN DESCRIPCION'),
(8, 8, 1, 'SIN NOMBRE', '2020-01-08', 'SIN DESCRIPCION'),
(9, 9, 1, 'SIN NOMBRE', '2020-01-09', 'SIN DESCRIPCION'),
(10, 10, 1, 'SIN NOMBRE', '2020-01-10', 'SIN DESCRIPCION'),
(11, 11, 1, 'SIN NOMBRE', '2020-01-11', 'SIN DESCRIPCION'),
(12, 12, 1, 'SIN NOMBRE', '2020-01-12', 'SIN DESCRIPCION'),
(13, 13, 1, 'SIN NOMBRE', '2020-01-13', 'SIN DESCRIPCION'),
(14, 14, 1, 'SIN NOMBRE', '2020-01-14', 'SIN DESCRIPCION'),
(15, 15, 1, 'SIN NOMBRE', '2020-01-15', 'SIN DESCRIPCION'),
(16, 16, 1, 'SIN NOMBRE', '2020-01-16', 'SIN DESCRIPCION'),
(17, 17, 1, 'SIN NOMBRE', '2020-01-17', 'SIN DESCRIPCION'),
(18, 18, 1, 'SIN NOMBRE', '2020-01-18', 'SIN DESCRIPCION'),
(19, 19, 1, 'SIN NOMBRE', '2020-01-19', 'SIN DESCRIPCION'),
(20, 20, 1, 'SIN NOMBRE', '2020-01-20', 'SIN DESCRIPCION'),
(21, 1, 2, 'SIN NOMBRE', '2020-01-21', 'SIN DESCRIPCION'),
(22, 2, 2, 'SIN NOMBRE', '2020-01-22', 'SIN DESCRIPCION'),
(23, 3, 2, 'SIN NOMBRE', '2020-01-23', 'SIN DESCRIPCION'),
(24, 4, 2, 'SIN NOMBRE', '2020-01-24', 'SIN DESCRIPCION'),
(25, 5, 2, 'SIN NOMBRE', '2020-01-25', 'SIN DESCRIPCION'),
(26, 6, 2, 'SIN NOMBRE', '2020-01-26', 'SIN DESCRIPCION'),
(27, 7, 2, 'SIN NOMBRE', '2020-01-27', 'SIN DESCRIPCION'),
(28, 8, 2, 'SIN NOMBRE', '2020-01-28', 'SIN DESCRIPCION'),
(29, 9, 2, 'SIN NOMBRE', '2020-01-29', 'SIN DESCRIPCION'),
(30, 10, 2, 'SIN NOMBRE', '2020-01-30', 'SIN DESCRIPCION'),
(31, 11, 2, 'SIN NOMBRE', '2020-01-31', 'SIN DESCRIPCION'),
(32, 12, 2, 'SIN NOMBRE', '2020-02-01', 'SIN DESCRIPCION'),
(33, 13, 2, 'SIN NOMBRE', '2020-02-02', 'SIN DESCRIPCION'),
(34, 14, 2, 'SIN NOMBRE', '2020-02-03', 'SIN DESCRIPCION'),
(35, 15, 2, 'SIN NOMBRE', '2020-02-04', 'SIN DESCRIPCION'),
(36, 16, 2, 'SIN NOMBRE', '2020-02-05', 'SIN DESCRIPCION'),
(37, 17, 2, 'SIN NOMBRE', '2020-02-06', 'SIN DESCRIPCION'),
(38, 18, 2, 'SIN NOMBRE', '2020-02-07', 'SIN DESCRIPCION'),
(39, 19, 2, 'SIN NOMBRE', '2020-02-08', 'SIN DESCRIPCION'),
(40, 20, 2, 'SIN NOMBRE', '2020-02-09', 'SIN DESCRIPCION'),
(41, 1, 3, 'SIN NOMBRE', '2020-02-10', 'SIN DESCRIPCION'),
(42, 2, 3, 'SIN NOMBRE', '2020-02-11', 'SIN DESCRIPCION'),
(43, 3, 3, 'SIN NOMBRE', '2020-02-12', 'SIN DESCRIPCION'),
(44, 4, 3, 'SIN NOMBRE', '2020-02-13', 'SIN DESCRIPCION'),
(45, 5, 3, 'SIN NOMBRE', '2020-02-14', 'SIN DESCRIPCION'),
(46, 6, 3, 'SIN NOMBRE', '2020-02-15', 'SIN DESCRIPCION'),
(47, 7, 3, 'SIN NOMBRE', '2020-02-16', 'SIN DESCRIPCION'),
(48, 8, 3, 'SIN NOMBRE', '2020-02-17', 'SIN DESCRIPCION'),
(49, 9, 3, 'SIN NOMBRE', '2020-02-18', 'SIN DESCRIPCION'),
(50, 10, 3, 'SIN NOMBRE', '2020-02-19', 'SIN DESCRIPCION'),
(51, 11, 3, 'SIN NOMBRE', '2020-02-20', 'SIN DESCRIPCION'),
(52, 12, 3, 'SIN NOMBRE', '2020-02-21', 'SIN DESCRIPCION'),
(53, 13, 3, 'SIN NOMBRE', '2020-02-22', 'SIN DESCRIPCION'),
(54, 14, 3, 'SIN NOMBRE', '2020-02-23', 'SIN DESCRIPCION'),
(55, 15, 3, 'SIN NOMBRE', '2020-02-24', 'SIN DESCRIPCION'),
(56, 16, 3, 'SIN NOMBRE', '2020-02-25', 'SIN DESCRIPCION'),
(57, 17, 3, 'SIN NOMBRE', '2020-02-26', 'SIN DESCRIPCION'),
(58, 18, 3, 'SIN NOMBRE', '2020-02-27', 'SIN DESCRIPCION'),
(59, 19, 3, 'SIN NOMBRE', '2020-02-28', 'SIN DESCRIPCION'),
(60, 20, 3, 'SIN NOMBRE', '2020-03-01', 'SIN DESCRIPCION'),
(61, 1, 4, 'SIN NOMBRE', '2020-03-02', 'SIN DESCRIPCION'),
(62, 2, 4, 'SIN NOMBRE', '2020-03-03', 'SIN DESCRIPCION'),
(63, 3, 4, 'SIN NOMBRE', '2020-03-04', 'SIN DESCRIPCION'),
(64, 4, 4, 'SIN NOMBRE', '2020-03-05', 'SIN DESCRIPCION'),
(65, 5, 4, 'SIN NOMBRE', '2020-03-06', 'SIN DESCRIPCION'),
(66, 6, 4, 'SIN NOMBRE', '2020-03-07', 'SIN DESCRIPCION'),
(67, 7, 4, 'SIN NOMBRE', '2020-03-08', 'SIN DESCRIPCION'),
(68, 8, 4, 'SIN NOMBRE', '2020-03-09', 'SIN DESCRIPCION'),
(69, 9, 4, 'SIN NOMBRE', '2020-03-10', 'SIN DESCRIPCION'),
(70, 10, 4, 'SIN NOMBRE', '2020-03-11', 'SIN DESCRIPCION'),
(71, 11, 4, 'SIN NOMBRE', '2020-03-12', 'SIN DESCRIPCION'),
(72, 12, 4, 'SIN NOMBRE', '2020-03-13', 'SIN DESCRIPCION'),
(73, 13, 4, 'SIN NOMBRE', '2020-03-14', 'SIN DESCRIPCION'),
(74, 14, 4, 'SIN NOMBRE', '2020-03-15', 'SIN DESCRIPCION'),
(75, 15, 4, 'SIN NOMBRE', '2020-03-16', 'SIN DESCRIPCION'),
(76, 16, 4, 'SIN NOMBRE', '2020-03-17', 'SIN DESCRIPCION'),
(77, 17, 4, 'SIN NOMBRE', '2020-03-18', 'SIN DESCRIPCION'),
(78, 18, 4, 'SIN NOMBRE', '2020-03-19', 'SIN DESCRIPCION'),
(79, 19, 4, 'SIN NOMBRE', '2020-03-20', 'SIN DESCRIPCION'),
(80, 20, 4, 'SIN NOMBRE', '2020-03-21', 'SIN DESCRIPCION'),
(81, 1, 5, 'SIN NOMBRE', '2020-03-22', 'SIN DESCRIPCION'),
(82, 2, 5, 'SIN NOMBRE', '2020-03-23', 'SIN DESCRIPCION'),
(83, 3, 5, 'SIN NOMBRE', '2020-03-24', 'SIN DESCRIPCION'),
(84, 4, 5, 'SIN NOMBRE', '2020-03-25', 'SIN DESCRIPCION'),
(85, 5, 5, 'SIN NOMBRE', '2020-03-26', 'SIN DESCRIPCION'),
(86, 6, 5, 'SIN NOMBRE', '2020-03-27', 'SIN DESCRIPCION'),
(87, 7, 5, 'SIN NOMBRE', '2020-03-28', 'SIN DESCRIPCION'),
(88, 8, 5, 'SIN NOMBRE', '2020-03-29', 'SIN DESCRIPCION'),
(89, 9, 5, 'SIN NOMBRE', '2020-03-30', 'SIN DESCRIPCION'),
(90, 10, 5, 'SIN NOMBRE', '2020-03-31', 'SIN DESCRIPCION'),
(91, 11, 5, 'SIN NOMBRE', '2020-04-01', 'SIN DESCRIPCION'),
(92, 12, 5, 'SIN NOMBRE', '2020-04-02', 'SIN DESCRIPCION'),
(93, 13, 5, 'SIN NOMBRE', '2020-04-03', 'SIN DESCRIPCION'),
(94, 14, 5, 'SIN NOMBRE', '2020-04-04', 'SIN DESCRIPCION'),
(95, 15, 5, 'SIN NOMBRE', '2020-04-05', 'SIN DESCRIPCION'),
(96, 16, 5, 'SIN NOMBRE', '2020-04-06', 'SIN DESCRIPCION'),
(97, 17, 5, 'SIN NOMBRE', '2020-04-07', 'SIN DESCRIPCION'),
(98, 18, 5, 'SIN NOMBRE', '2020-04-08', 'SIN DESCRIPCION'),
(99, 19, 5, 'SIN NOMBRE', '2020-04-09', 'SIN DESCRIPCION'),
(100, 20, 5, 'SIN NOMBRE', '2020-04-10', 'SIN DESCRIPCION'),
(101, 1, 6, 'SIN NOMBRE', '2020-04-11', 'SIN DESCRIPCION'),
(102, 2, 6, 'SIN NOMBRE', '2020-04-12', 'SIN DESCRIPCION'),
(103, 3, 6, 'SIN NOMBRE', '2020-04-13', 'SIN DESCRIPCION'),
(104, 4, 6, 'SIN NOMBRE', '2020-04-14', 'SIN DESCRIPCION'),
(105, 5, 6, 'SIN NOMBRE', '2020-04-15', 'SIN DESCRIPCION'),
(106, 6, 6, 'SIN NOMBRE', '2020-04-16', 'SIN DESCRIPCION'),
(107, 7, 6, 'SIN NOMBRE', '2020-04-17', 'SIN DESCRIPCION'),
(108, 8, 6, 'SIN NOMBRE', '2020-04-18', 'SIN DESCRIPCION'),
(109, 9, 6, 'SIN NOMBRE', '2020-04-19', 'SIN DESCRIPCION'),
(110, 10, 6, 'SIN NOMBRE', '2020-04-20', 'SIN DESCRIPCION'),
(111, 11, 6, 'SIN NOMBRE', '2020-04-21', 'SIN DESCRIPCION'),
(112, 12, 6, 'SIN NOMBRE', '2020-04-22', 'SIN DESCRIPCION'),
(113, 13, 6, 'SIN NOMBRE', '2020-04-23', 'SIN DESCRIPCION'),
(114, 14, 6, 'SIN NOMBRE', '2020-04-24', 'SIN DESCRIPCION'),
(115, 15, 6, 'SIN NOMBRE', '2020-04-25', 'SIN DESCRIPCION'),
(116, 16, 6, 'SIN NOMBRE', '2020-04-26', 'SIN DESCRIPCION'),
(117, 17, 6, 'SIN NOMBRE', '2020-04-27', 'SIN DESCRIPCION'),
(118, 18, 6, 'SIN NOMBRE', '2020-04-28', 'SIN DESCRIPCION'),
(119, 19, 6, 'SIN NOMBRE', '2020-04-29', 'SIN DESCRIPCION'),
(120, 20, 6, 'SIN NOMBRE', '2020-04-30', 'SIN DESCRIPCION'),
(121, 1, 7, 'SIN NOMBRE', '2020-05-01', 'SIN DESCRIPCION'),
(122, 2, 7, 'SIN NOMBRE', '2020-05-02', 'SIN DESCRIPCION'),
(123, 3, 7, 'SIN NOMBRE', '2020-05-03', 'SIN DESCRIPCION'),
(124, 4, 7, 'SIN NOMBRE', '2020-05-04', 'SIN DESCRIPCION'),
(125, 5, 7, 'SIN NOMBRE', '2020-05-05', 'SIN DESCRIPCION'),
(126, 6, 7, 'SIN NOMBRE', '2020-05-06', 'SIN DESCRIPCION'),
(127, 7, 7, 'SIN NOMBRE', '2020-05-07', 'SIN DESCRIPCION'),
(128, 8, 7, 'SIN NOMBRE', '2020-05-08', 'SIN DESCRIPCION'),
(129, 9, 7, 'SIN NOMBRE', '2020-05-09', 'SIN DESCRIPCION'),
(130, 10, 7, 'SIN NOMBRE', '2020-05-10', 'SIN DESCRIPCION'),
(131, 11, 7, 'SIN NOMBRE', '2020-05-11', 'SIN DESCRIPCION'),
(132, 12, 7, 'SIN NOMBRE', '2020-05-12', 'SIN DESCRIPCION'),
(133, 13, 7, 'SIN NOMBRE', '2020-05-13', 'SIN DESCRIPCION'),
(134, 14, 7, 'SIN NOMBRE', '2020-05-14', 'SIN DESCRIPCION'),
(135, 15, 7, 'SIN NOMBRE', '2020-05-15', 'SIN DESCRIPCION'),
(136, 16, 7, 'SIN NOMBRE', '2020-05-16', 'SIN DESCRIPCION'),
(137, 17, 7, 'SIN NOMBRE', '2020-05-17', 'SIN DESCRIPCION'),
(138, 18, 7, 'SIN NOMBRE', '2020-05-18', 'SIN DESCRIPCION'),
(139, 19, 7, 'SIN NOMBRE', '2020-05-19', 'SIN DESCRIPCION'),
(140, 20, 7, 'SIN NOMBRE', '2020-05-20', 'SIN DESCRIPCION'),
(141, 1, 8, 'SIN NOMBRE', '2020-05-21', 'SIN DESCRIPCION'),
(142, 2, 8, 'SIN NOMBRE', '2020-05-22', 'SIN DESCRIPCION'),
(143, 3, 8, 'SIN NOMBRE', '2020-05-23', 'SIN DESCRIPCION'),
(144, 4, 8, 'SIN NOMBRE', '2020-05-24', 'SIN DESCRIPCION'),
(145, 5, 8, 'SIN NOMBRE', '2020-05-25', 'SIN DESCRIPCION'),
(146, 6, 8, 'SIN NOMBRE', '2020-05-26', 'SIN DESCRIPCION'),
(147, 7, 8, 'SIN NOMBRE', '2020-05-27', 'SIN DESCRIPCION'),
(148, 8, 8, 'SIN NOMBRE', '2020-05-28', 'SIN DESCRIPCION'),
(149, 9, 8, 'SIN NOMBRE', '2020-05-29', 'SIN DESCRIPCION'),
(150, 10, 8, 'SIN NOMBRE', '2020-05-30', 'SIN DESCRIPCION'),
(151, 11, 8, 'SIN NOMBRE', '2020-05-31', 'SIN DESCRIPCION'),
(152, 12, 8, 'SIN NOMBRE', '2020-06-01', 'SIN DESCRIPCION'),
(153, 13, 8, 'SIN NOMBRE', '2020-06-02', 'SIN DESCRIPCION'),
(154, 14, 8, 'SIN NOMBRE', '2020-06-03', 'SIN DESCRIPCION'),
(155, 15, 8, 'SIN NOMBRE', '2020-06-04', 'SIN DESCRIPCION'),
(156, 16, 8, 'SIN NOMBRE', '2020-06-05', 'SIN DESCRIPCION'),
(157, 17, 8, 'SIN NOMBRE', '2020-06-06', 'SIN DESCRIPCION'),
(158, 18, 8, 'SIN NOMBRE', '2020-06-07', 'SIN DESCRIPCION'),
(159, 19, 8, 'SIN NOMBRE', '2020-06-08', 'SIN DESCRIPCION'),
(160, 20, 8, 'SIN NOMBRE', '2020-06-09', 'SIN DESCRIPCION'),
(161, 1, 9, 'SIN NOMBRE', '2020-06-10', 'SIN DESCRIPCION'),
(162, 2, 9, 'SIN NOMBRE', '2020-06-11', 'SIN DESCRIPCION'),
(163, 3, 9, 'SIN NOMBRE', '2020-06-12', 'SIN DESCRIPCION'),
(164, 4, 9, 'SIN NOMBRE', '2020-06-13', 'SIN DESCRIPCION'),
(165, 5, 9, 'SIN NOMBRE', '2020-06-14', 'SIN DESCRIPCION'),
(166, 6, 9, 'SIN NOMBRE', '2020-06-15', 'SIN DESCRIPCION'),
(167, 7, 9, 'SIN NOMBRE', '2020-06-16', 'SIN DESCRIPCION'),
(168, 8, 9, 'SIN NOMBRE', '2020-06-17', 'SIN DESCRIPCION'),
(169, 9, 9, 'SIN NOMBRE', '2020-06-18', 'SIN DESCRIPCION'),
(170, 10, 9, 'SIN NOMBRE', '2020-06-19', 'SIN DESCRIPCION'),
(171, 11, 9, 'SIN NOMBRE', '2020-06-20', 'SIN DESCRIPCION'),
(172, 12, 9, 'SIN NOMBRE', '2020-06-21', 'SIN DESCRIPCION'),
(173, 13, 9, 'SIN NOMBRE', '2020-06-22', 'SIN DESCRIPCION'),
(174, 14, 9, 'SIN NOMBRE', '2020-06-23', 'SIN DESCRIPCION'),
(175, 15, 9, 'SIN NOMBRE', '2020-06-24', 'SIN DESCRIPCION'),
(176, 16, 9, 'SIN NOMBRE', '2020-06-25', 'SIN DESCRIPCION'),
(177, 17, 9, 'SIN NOMBRE', '2020-06-26', 'SIN DESCRIPCION'),
(178, 18, 9, 'SIN NOMBRE', '2020-06-27', 'SIN DESCRIPCION'),
(179, 19, 9, 'SIN NOMBRE', '2020-06-28', 'SIN DESCRIPCION'),
(180, 20, 9, 'SIN NOMBRE', '2020-06-29', 'SIN DESCRIPCION'),
(181, 1, 10, 'SIN NOMBRE', '2020-06-30', 'SIN DESCRIPCION'),
(182, 2, 10, 'SIN NOMBRE', '2020-07-01', 'SIN DESCRIPCION'),
(183, 3, 10, 'SIN NOMBRE', '2020-07-02', 'SIN DESCRIPCION'),
(184, 4, 10, 'SIN NOMBRE', '2020-07-03', 'SIN DESCRIPCION'),
(185, 5, 10, 'SIN NOMBRE', '2020-07-04', 'SIN DESCRIPCION'),
(186, 6, 10, 'SIN NOMBRE', '2020-07-05', 'SIN DESCRIPCION'),
(187, 7, 10, 'SIN NOMBRE', '2020-07-06', 'SIN DESCRIPCION'),
(188, 8, 10, 'SIN NOMBRE', '2020-07-07', 'SIN DESCRIPCION'),
(189, 9, 10, 'SIN NOMBRE', '2020-07-08', 'SIN DESCRIPCION'),
(190, 10, 10, 'SIN NOMBRE', '2020-07-09', 'SIN DESCRIPCION'),
(191, 11, 10, 'SIN NOMBRE', '2020-07-10', 'SIN DESCRIPCION'),
(192, 12, 10, 'SIN NOMBRE', '2020-07-11', 'SIN DESCRIPCION'),
(193, 13, 10, 'SIN NOMBRE', '2020-07-12', 'SIN DESCRIPCION'),
(194, 14, 10, 'SIN NOMBRE', '2020-07-13', 'SIN DESCRIPCION'),
(195, 15, 10, 'SIN NOMBRE', '2020-07-14', 'SIN DESCRIPCION'),
(196, 16, 10, 'SIN NOMBRE', '2020-07-15', 'SIN DESCRIPCION'),
(197, 17, 10, 'SIN NOMBRE', '2020-07-16', 'SIN DESCRIPCION'),
(198, 18, 10, 'SIN NOMBRE', '2020-07-17', 'SIN DESCRIPCION'),
(199, 19, 10, 'SIN NOMBRE', '2020-07-18', 'SIN DESCRIPCION'),
(200, 20, 10, 'SIN NOMBRE', '2020-07-19', 'SIN DESCRIPCION'),
(201, 1, 11, 'SIN NOMBRE', '2020-07-20', 'SIN DESCRIPCION'),
(202, 2, 11, 'SIN NOMBRE', '2020-07-21', 'SIN DESCRIPCION'),
(203, 3, 11, 'SIN NOMBRE', '2020-07-22', 'SIN DESCRIPCION'),
(204, 4, 11, 'SIN NOMBRE', '2020-07-23', 'SIN DESCRIPCION'),
(205, 5, 11, 'SIN NOMBRE', '2020-07-24', 'SIN DESCRIPCION'),
(206, 6, 11, 'SIN NOMBRE', '2020-07-25', 'SIN DESCRIPCION'),
(207, 7, 11, 'SIN NOMBRE', '2020-07-26', 'SIN DESCRIPCION'),
(208, 8, 11, 'SIN NOMBRE', '2020-07-27', 'SIN DESCRIPCION'),
(209, 9, 11, 'SIN NOMBRE', '2020-07-28', 'SIN DESCRIPCION'),
(210, 10, 11, 'SIN NOMBRE', '2020-07-29', 'SIN DESCRIPCION'),
(211, 11, 11, 'SIN NOMBRE', '2020-07-30', 'SIN DESCRIPCION'),
(212, 12, 11, 'SIN NOMBRE', '2020-07-31', 'SIN DESCRIPCION'),
(213, 13, 11, 'SIN NOMBRE', '2020-08-01', 'SIN DESCRIPCION'),
(214, 14, 11, 'SIN NOMBRE', '2020-08-02', 'SIN DESCRIPCION'),
(215, 15, 11, 'SIN NOMBRE', '2020-08-03', 'SIN DESCRIPCION'),
(216, 16, 11, 'SIN NOMBRE', '2020-08-04', 'SIN DESCRIPCION'),
(217, 17, 11, 'SIN NOMBRE', '2020-08-05', 'SIN DESCRIPCION'),
(218, 18, 11, 'SIN NOMBRE', '2020-08-06', 'SIN DESCRIPCION'),
(219, 19, 11, 'SIN NOMBRE', '2020-08-07', 'SIN DESCRIPCION'),
(220, 20, 11, 'SIN NOMBRE', '2020-08-08', 'SIN DESCRIPCION'),
(221, 1, 12, 'SIN NOMBRE', '2020-08-09', 'SIN DESCRIPCION'),
(222, 2, 12, 'SIN NOMBRE', '2020-08-10', 'SIN DESCRIPCION'),
(223, 3, 12, 'SIN NOMBRE', '2020-08-11', 'SIN DESCRIPCION'),
(224, 4, 12, 'SIN NOMBRE', '2020-08-12', 'SIN DESCRIPCION'),
(225, 5, 12, 'SIN NOMBRE', '2020-08-13', 'SIN DESCRIPCION'),
(226, 6, 12, 'SIN NOMBRE', '2020-08-14', 'SIN DESCRIPCION'),
(227, 7, 12, 'SIN NOMBRE', '2020-08-15', 'SIN DESCRIPCION'),
(228, 8, 12, 'SIN NOMBRE', '2020-08-16', 'SIN DESCRIPCION'),
(229, 9, 12, 'SIN NOMBRE', '2020-08-17', 'SIN DESCRIPCION'),
(230, 10, 12, 'SIN NOMBRE', '2020-08-18', 'SIN DESCRIPCION'),
(231, 11, 12, 'SIN NOMBRE', '2020-08-19', 'SIN DESCRIPCION'),
(232, 12, 12, 'SIN NOMBRE', '2020-08-20', 'SIN DESCRIPCION'),
(233, 13, 12, 'SIN NOMBRE', '2020-08-21', 'SIN DESCRIPCION'),
(234, 14, 12, 'SIN NOMBRE', '2020-08-22', 'SIN DESCRIPCION'),
(235, 15, 12, 'SIN NOMBRE', '2020-08-23', 'SIN DESCRIPCION'),
(236, 16, 12, 'SIN NOMBRE', '2020-08-24', 'SIN DESCRIPCION'),
(237, 17, 12, 'SIN NOMBRE', '2020-08-25', 'SIN DESCRIPCION'),
(238, 18, 12, 'SIN NOMBRE', '2020-08-26', 'SIN DESCRIPCION'),
(239, 19, 12, 'SIN NOMBRE', '2020-08-27', 'SIN DESCRIPCION'),
(240, 20, 12, 'SIN NOMBRE', '2020-08-28', 'SIN DESCRIPCION'),
(241, 1, 13, 'SIN NOMBRE', '2020-08-29', 'SIN DESCRIPCION'),
(242, 2, 13, 'SIN NOMBRE', '2020-08-30', 'SIN DESCRIPCION'),
(243, 3, 13, 'SIN NOMBRE', '2020-08-31', 'SIN DESCRIPCION'),
(244, 4, 13, 'SIN NOMBRE', '2020-09-01', 'SIN DESCRIPCION'),
(245, 5, 13, 'SIN NOMBRE', '2020-09-02', 'SIN DESCRIPCION'),
(246, 6, 13, 'SIN NOMBRE', '2020-09-03', 'SIN DESCRIPCION'),
(247, 7, 13, 'SIN NOMBRE', '2020-09-04', 'SIN DESCRIPCION'),
(248, 8, 13, 'SIN NOMBRE', '2020-09-05', 'SIN DESCRIPCION'),
(249, 9, 13, 'SIN NOMBRE', '2020-09-06', 'SIN DESCRIPCION'),
(250, 10, 13, 'SIN NOMBRE', '2020-09-07', 'SIN DESCRIPCION'),
(251, 11, 13, 'SIN NOMBRE', '2020-09-08', 'SIN DESCRIPCION'),
(252, 12, 13, 'SIN NOMBRE', '2020-09-09', 'SIN DESCRIPCION'),
(253, 13, 13, 'SIN NOMBRE', '2020-09-10', 'SIN DESCRIPCION'),
(254, 14, 13, 'SIN NOMBRE', '2020-09-11', 'SIN DESCRIPCION'),
(255, 15, 13, 'SIN NOMBRE', '2020-09-12', 'SIN DESCRIPCION'),
(256, 16, 13, 'SIN NOMBRE', '2020-09-13', 'SIN DESCRIPCION'),
(257, 17, 13, 'SIN NOMBRE', '2020-09-14', 'SIN DESCRIPCION'),
(258, 18, 13, 'SIN NOMBRE', '2020-09-15', 'SIN DESCRIPCION'),
(259, 19, 13, 'SIN NOMBRE', '2020-09-16', 'SIN DESCRIPCION'),
(260, 20, 13, 'SIN NOMBRE', '2020-09-17', 'SIN DESCRIPCION'),
(261, 1, 14, 'SIN NOMBRE', '2020-09-18', 'SIN DESCRIPCION'),
(262, 2, 14, 'SIN NOMBRE', '2020-09-19', 'SIN DESCRIPCION'),
(263, 3, 14, 'SIN NOMBRE', '2020-09-20', 'SIN DESCRIPCION'),
(264, 4, 14, 'SIN NOMBRE', '2020-09-21', 'SIN DESCRIPCION'),
(265, 5, 14, 'SIN NOMBRE', '2020-09-22', 'SIN DESCRIPCION'),
(266, 6, 14, 'SIN NOMBRE', '2020-09-23', 'SIN DESCRIPCION'),
(267, 7, 14, 'SIN NOMBRE', '2020-09-24', 'SIN DESCRIPCION'),
(268, 8, 14, 'SIN NOMBRE', '2020-09-25', 'SIN DESCRIPCION'),
(269, 9, 14, 'SIN NOMBRE', '2020-09-26', 'SIN DESCRIPCION'),
(270, 10, 14, 'SIN NOMBRE', '2020-09-27', 'SIN DESCRIPCION'),
(271, 11, 14, 'SIN NOMBRE', '2020-09-28', 'SIN DESCRIPCION'),
(272, 12, 14, 'SIN NOMBRE', '2020-09-29', 'SIN DESCRIPCION'),
(273, 13, 14, 'SIN NOMBRE', '2020-09-30', 'SIN DESCRIPCION'),
(274, 14, 14, 'SIN NOMBRE', '2020-10-01', 'SIN DESCRIPCION'),
(275, 15, 14, 'SIN NOMBRE', '2020-10-02', 'SIN DESCRIPCION'),
(276, 16, 14, 'SIN NOMBRE', '2020-10-03', 'SIN DESCRIPCION'),
(277, 17, 14, 'SIN NOMBRE', '2020-10-04', 'SIN DESCRIPCION'),
(278, 18, 14, 'SIN NOMBRE', '2020-10-05', 'SIN DESCRIPCION'),
(279, 19, 14, 'SIN NOMBRE', '2020-10-06', 'SIN DESCRIPCION'),
(280, 20, 14, 'SIN NOMBRE', '2020-10-07', 'SIN DESCRIPCION'),
(281, 1, 15, 'SIN NOMBRE', '2020-10-08', 'SIN DESCRIPCION'),
(282, 2, 15, 'SIN NOMBRE', '2020-10-09', 'SIN DESCRIPCION'),
(283, 3, 15, 'SIN NOMBRE', '2020-10-10', 'SIN DESCRIPCION'),
(284, 4, 15, 'SIN NOMBRE', '2020-10-11', 'SIN DESCRIPCION'),
(285, 5, 15, 'SIN NOMBRE', '2020-10-12', 'SIN DESCRIPCION'),
(286, 6, 15, 'SIN NOMBRE', '2020-10-13', 'SIN DESCRIPCION'),
(287, 7, 15, 'SIN NOMBRE', '2020-10-14', 'SIN DESCRIPCION'),
(288, 8, 15, 'SIN NOMBRE', '2020-10-15', 'SIN DESCRIPCION'),
(289, 9, 15, 'SIN NOMBRE', '2020-10-16', 'SIN DESCRIPCION'),
(290, 10, 15, 'SIN NOMBRE', '2020-10-17', 'SIN DESCRIPCION'),
(291, 11, 15, 'SIN NOMBRE', '2020-10-18', 'SIN DESCRIPCION'),
(292, 12, 15, 'SIN NOMBRE', '2020-10-19', 'SIN DESCRIPCION'),
(293, 13, 15, 'SIN NOMBRE', '2020-10-20', 'SIN DESCRIPCION'),
(294, 14, 15, 'SIN NOMBRE', '2020-10-21', 'SIN DESCRIPCION'),
(295, 15, 15, 'SIN NOMBRE', '2020-10-22', 'SIN DESCRIPCION'),
(296, 16, 15, 'SIN NOMBRE', '2020-10-23', 'SIN DESCRIPCION'),
(297, 17, 15, 'SIN NOMBRE', '2020-10-24', 'SIN DESCRIPCION'),
(298, 18, 15, 'SIN NOMBRE', '2020-10-25', 'SIN DESCRIPCION'),
(299, 19, 15, 'SIN NOMBRE', '2020-10-26', 'SIN DESCRIPCION'),
(300, 20, 15, 'SIN NOMBRE', '2020-10-27', 'SIN DESCRIPCION'),
(301, 1, 16, 'SIN NOMBRE', '2020-10-28', 'SIN DESCRIPCION'),
(302, 2, 16, 'SIN NOMBRE', '2020-10-29', 'SIN DESCRIPCION'),
(303, 3, 16, 'SIN NOMBRE', '2020-10-30', 'SIN DESCRIPCION'),
(304, 4, 16, 'SIN NOMBRE', '2020-10-31', 'SIN DESCRIPCION'),
(305, 5, 16, 'SIN NOMBRE', '2020-11-01', 'SIN DESCRIPCION'),
(306, 6, 16, 'SIN NOMBRE', '2020-11-02', 'SIN DESCRIPCION'),
(307, 7, 16, 'SIN NOMBRE', '2020-11-03', 'SIN DESCRIPCION'),
(308, 8, 16, 'SIN NOMBRE', '2020-11-04', 'SIN DESCRIPCION'),
(309, 9, 16, 'SIN NOMBRE', '2020-11-05', 'SIN DESCRIPCION'),
(310, 10, 16, 'SIN NOMBRE', '2020-11-06', 'SIN DESCRIPCION'),
(311, 11, 16, 'SIN NOMBRE', '2020-11-07', 'SIN DESCRIPCION'),
(312, 12, 16, 'SIN NOMBRE', '2020-11-08', 'SIN DESCRIPCION'),
(313, 13, 16, 'SIN NOMBRE', '2020-11-09', 'SIN DESCRIPCION'),
(314, 14, 16, 'SIN NOMBRE', '2020-11-10', 'SIN DESCRIPCION'),
(315, 15, 16, 'SIN NOMBRE', '2020-11-11', 'SIN DESCRIPCION'),
(316, 16, 16, 'SIN NOMBRE', '2020-11-12', 'SIN DESCRIPCION'),
(317, 17, 16, 'SIN NOMBRE', '2020-11-13', 'SIN DESCRIPCION'),
(318, 18, 16, 'SIN NOMBRE', '2020-11-14', 'SIN DESCRIPCION'),
(319, 19, 16, 'SIN NOMBRE', '2020-11-15', 'SIN DESCRIPCION'),
(320, 20, 16, 'SIN NOMBRE', '2020-11-16', 'SIN DESCRIPCION'),
(321, 1, 17, 'SIN NOMBRE', '2020-11-17', 'SIN DESCRIPCION'),
(322, 2, 17, 'SIN NOMBRE', '2020-11-18', 'SIN DESCRIPCION'),
(323, 3, 17, 'SIN NOMBRE', '2020-11-19', 'SIN DESCRIPCION'),
(324, 4, 17, 'SIN NOMBRE', '2020-11-20', 'SIN DESCRIPCION'),
(325, 5, 17, 'SIN NOMBRE', '2020-11-21', 'SIN DESCRIPCION'),
(326, 6, 17, 'SIN NOMBRE', '2020-11-22', 'SIN DESCRIPCION'),
(327, 7, 17, 'SIN NOMBRE', '2020-11-23', 'SIN DESCRIPCION'),
(328, 8, 17, 'SIN NOMBRE', '2020-11-24', 'SIN DESCRIPCION'),
(329, 9, 17, 'SIN NOMBRE', '2020-11-25', 'SIN DESCRIPCION'),
(330, 10, 17, 'SIN NOMBRE', '2020-11-26', 'SIN DESCRIPCION'),
(331, 11, 17, 'SIN NOMBRE', '2020-11-27', 'SIN DESCRIPCION'),
(332, 12, 17, 'SIN NOMBRE', '2020-11-28', 'SIN DESCRIPCION'),
(333, 13, 17, 'SIN NOMBRE', '2020-11-29', 'SIN DESCRIPCION'),
(334, 14, 17, 'SIN NOMBRE', '2020-11-30', 'SIN DESCRIPCION'),
(335, 15, 17, 'SIN NOMBRE', '2020-12-01', 'SIN DESCRIPCION'),
(336, 16, 17, 'SIN NOMBRE', '2020-12-02', 'SIN DESCRIPCION'),
(337, 17, 17, 'SIN NOMBRE', '2020-12-03', 'SIN DESCRIPCION'),
(338, 18, 17, 'SIN NOMBRE', '2020-12-04', 'SIN DESCRIPCION'),
(339, 19, 17, 'SIN NOMBRE', '2020-12-05', 'SIN DESCRIPCION'),
(340, 20, 17, 'SIN NOMBRE', '2020-12-06', 'SIN DESCRIPCION'),
(341, 1, 18, 'SIN NOMBRE', '2020-12-07', 'SIN DESCRIPCION'),
(342, 2, 18, 'SIN NOMBRE', '2020-12-08', 'SIN DESCRIPCION'),
(343, 3, 18, 'SIN NOMBRE', '2020-12-09', 'SIN DESCRIPCION'),
(344, 4, 18, 'SIN NOMBRE', '2020-12-10', 'SIN DESCRIPCION'),
(345, 5, 18, 'SIN NOMBRE', '2020-12-11', 'SIN DESCRIPCION'),
(346, 6, 18, 'SIN NOMBRE', '2020-12-12', 'SIN DESCRIPCION'),
(347, 7, 18, 'SIN NOMBRE', '2020-12-13', 'SIN DESCRIPCION'),
(348, 8, 18, 'SIN NOMBRE', '2020-12-14', 'SIN DESCRIPCION'),
(349, 9, 18, 'SIN NOMBRE', '2020-12-15', 'SIN DESCRIPCION'),
(350, 10, 18, 'SIN NOMBRE', '2020-12-16', 'SIN DESCRIPCION'),
(351, 11, 18, 'SIN NOMBRE', '2020-12-17', 'SIN DESCRIPCION'),
(352, 12, 18, 'SIN NOMBRE', '2020-12-18', 'SIN DESCRIPCION'),
(353, 13, 18, 'SIN NOMBRE', '2020-12-19', 'SIN DESCRIPCION'),
(354, 14, 18, 'SIN NOMBRE', '2020-12-20', 'SIN DESCRIPCION'),
(355, 15, 18, 'SIN NOMBRE', '2020-12-21', 'SIN DESCRIPCION'),
(356, 16, 18, 'SIN NOMBRE', '2020-12-22', 'SIN DESCRIPCION'),
(357, 17, 18, 'SIN NOMBRE', '2020-12-23', 'SIN DESCRIPCION'),
(358, 18, 18, 'SIN NOMBRE', '2020-12-24', 'SIN DESCRIPCION'),
(359, 19, 18, 'SIN NOMBRE', '2020-12-25', 'SIN DESCRIPCION'),
(360, 20, 18, 'SIN NOMBRE', '2020-12-26', 'SIN DESCRIPCION'),
(361, 1, 19, 'SIN NOMBRE', '2020-12-27', 'SIN DESCRIPCION'),
(362, 2, 19, 'SIN NOMBRE', '2020-12-28', 'SIN DESCRIPCION'),
(363, 3, 19, 'SIN NOMBRE', '2020-12-29', 'SIN DESCRIPCION'),
(364, 4, 19, 'SIN NOMBRE', '2020-12-30', 'SIN DESCRIPCION'),
(365, 5, 19, 'SIN NOMBRE', '2020-12-31', 'SIN DESCRIPCION');

-- --------------------------------------------------------

--
-- Estructura de tabla para la tabla `cargador`
--

CREATE TABLE `cargador` (
  `nombre` varchar(10) NOT NULL,
  `descripcion` varchar(45) NOT NULL,
  `rutaImagen` varchar(80) DEFAULT NULL,
  `id` int DEFAULT NULL
) ENGINE=InnoDB DEFAULT CHARSET=utf8;

--
-- Volcado de datos para la tabla `cargador`
--

INSERT INTO `cargador` (`nombre`, `descripcion`, `rutaImagen`, `id`) VALUES
('B\'E', 'Sin descripcion', './src/calendariomaya/img/nahuales_habb/2 e.jpg', 1),
('IQ\'', 'Sin descripcion', './src/calendariomaya/img/nahuales_habb/12 iq.jpg', 2),
('KEJ', 'Sin descripcion', './src/calendariomaya/img/nahuales_habb/17 kej.jpg', 3),
('N\'oj', 'Sin descripcion', './src/calendariomaya/img/nahuales_habb/7 noj.jpg', 4);

-- --------------------------------------------------------

--
-- Estructura de tabla para la tabla `categoria`
--

CREATE TABLE `categoria` (
  `id` int NOT NULL,
  `nombre` varchar(50) NOT NULL
) ENGINE=InnoDB DEFAULT CHARSET=utf8;

-- --------------------------------------------------------

--
-- Estructura de tabla para la tabla `categorizar`
--

CREATE TABLE `categorizar` (
  `idHechoHistorico` int NOT NULL,
  `idCategoria` int NOT NULL
) ENGINE=InnoDB DEFAULT CHARSET=utf8;

-- --------------------------------------------------------

--
-- Estructura de tabla para la tabla `debilidad`
--

CREATE TABLE `debilidad` (
  `id` int NOT NULL,
  `debilidad` varchar(150) NOT NULL,
  `idNahual` int NOT NULL
) ENGINE=InnoDB DEFAULT CHARSET=utf8mb4 COLLATE=utf8mb4_0900_ai_ci;

--
-- Volcado de datos para la tabla `debilidad`
--

INSERT INTO `debilidad` (`id`, `debilidad`, `idNahual`) VALUES
(1, 'Inseguro', 1),
(2, 'Harag├ín', 1),
(3, 'Enojado, agresivo', 1),
(4, 'Envidioso, calumniador', 1),
(5, 'Mala imaginaci├│n, incr├®dulo', 1),
(6, 'Ambicioso de cualquier cosa', 1),
(7, 'D├®bil de voluntad', 1),
(8, 'Desconfiado e inseguro', 2),
(9, 'Algunas veces se puede resentir', 2),
(10, 'Es variable con su car├ícter', 2),
(11, 'Es nervioso y fr├ígil', 2),
(12, 'Impaciente en algunas ocasiones', 2),
(13, 'Rega├▒a', 3),
(14, 'Celoso', 3),
(15, 'Nervioso', 3),
(16, 'Expuesto a discutir y juzgar', 3),
(17, 'Hace lo que le plazca', 3),
(18, 'Extremista, no es de moderaci├│n', 3),
(19, 'Hace bromas pesadas', 3),
(20, 'No es constante en la fe', 3),
(21, 'Variable', 3),
(22, 'Sufre con frecuencia, se enferma en la ni├▒ez', 3),
(23, 'Alcoh├│lico', 3),
(24, 'Destructor', 3),
(25, 'Una vida variable, de dolor', 3),
(26, 'tristeza y alegr├¡a', 3),
(27, 'Puede llegar a tener un car├ícter fuerte.', 4),
(28, 'Algunas veces se enoja y se impacienta.', 4),
(29, 'Su car├ícter le puede hacer prepotente, orgulloso, col├®rico, serio y vengativo.', 4),
(30, 'Envidia', 5),
(31, 'Infidelidad', 5),
(32, 'Avaricia', 5),
(33, 'Taca├▒er├¡a', 5),
(34, 'En alg├║n vicio', 5),
(35, 'Pecador', 6),
(36, 'Enamorado', 6),
(37, 'Alcoh├│lico', 6),
(38, 'Destructores de la herencia', 6),
(39, 'Mentirosos', 6),
(40, 'Afamados', 6),
(41, 'Resentido', 6),
(42, 'Ladr├│n', 6),
(43, 'Ad├║ltero', 6),
(44, 'Fr├¡os e insensibles', 6),
(45, 'Minimizan los sentimientos de los dem├ís', 6),
(46, 'Interesados en la autoridad y posici├│n social y pol├¡tica', 6),
(47, 'Puede caer en el orgullo.', 7),
(48, 'Se puede enojar con facilidad.', 7),
(49, 'Le cuesta tomar decisiones.', 7),
(50, 'Puede ser individualista y ego├¡sta.', 7),
(51, 'Puede ser violento y enojado.', 8),
(52, 'Puede sufrir enfermedades.', 8),
(53, 'Puede ofenderse f├ícilmente.', 8),
(54, 'Puede caer en la venganza y en los pleitos.', 8),
(55, 'Puede caer en el enojo.', 9),
(56, 'A veces es perseguido por los problemas y los pleitos.', 9),
(57, 'No es muy afortunado en el amor.', 9),
(58, 'Se le puede culpar de todo lo que pasa.', 9),
(59, 'Muy hablador.', 9),
(60, 'Se puede meter en donde no es llamado.', 9),
(61, 'Puede caer en el enojo.', 10),
(62, 'Puede ser tajante.', 10),
(63, 'Es delicado.,', 10),
(64, 'Puede enfermarse.', 10),
(65, 'Puede evadir responsabilidades.', 10),
(66, 'Le dificulta aceptar correcciones.', 10),
(67, 'Puede tener una actitud autosuficiencia.', 10),
(68, 'Se le olvida con facilidad las cosas.', 11),
(69, 'Puede resultar muy inseguro.', 11),
(70, 'Puede tener reacciones violentas.', 11),
(71, 'Es ordenado en sus cosas.', 11),
(72, 'Puede tener un car├ícter variado.', 11),
(73, 'De car├ícter muy fuerte.', 12),
(74, 'Puede resultar inseguro e impulsivo.', 12),
(75, 'Puede caer en la infidelidad con su pareja.', 12),
(76, 'Puede sufrir algunos problemas sociales y econ├│micos.', 12),
(77, 'Le encanta decir directamente las cosas.', 12),
(78, 'No es bien reconocido en su tierra.', 13),
(79, 'Puede encontrar el fracaso.', 13),
(80, 'Puede caer en la mentira y la traici├│n.', 13),
(81, 'Puede tener dificultades en lo econ├│mico.', 13),
(82, 'Es un poco reservado y aislado.', 13),
(83, 'Puede caer en los chismes y en el enojo.', 14),
(84, 'Puede resultar nervioso.', 14),
(85, 'Puede perder las cosas con facilidad.', 14),
(86, 'Puede estar propenso a malas influencias.', 14),
(87, 'Puede caer en el individualismo.', 14),
(88, 'Puede caer en elorgullo.', 14),
(89, 'Con tendencia a meterse en los problemas ajenos.', 14),
(90, 'Puede estar influenciado por el enojo y la traici├│n.', 15),
(91, 'Puede caer en el resentimiento y la avaricia.', 15),
(92, 'Es desconfiado y sorpresivo.', 15),
(93, 'Puede tener un temperamento fuerte.', 16),
(94, 'Propenso al suicidio.', 16),
(95, 'Puede sufrir mucho al no cumplir con sus obligaciones con la Madre Naturaleza.', 16),
(96, 'Puede tener tendencias a la mentira y a la infidelidad con su pareja.', 16),
(97, 'Puede hacer el mal con su pensamiento', 17),
(98, 'Tiene un car├ícter fuerte', 17),
(99, 'Pueden ser muy compulsivos', 17),
(100, 'Les gusta la popularidad y el poder', 17),
(101, 'Podr├¡an ser autocr├íticos, manipuladores etc.', 17),
(102, 'Les gusta la comodidad', 17),
(103, 'Son muy reservados', 17),
(104, 'Autoritarios', 17),
(105, 'Suelen ser exigentes', 17),
(106, 'Les gusta hundir y aplastar a las personas.', 17),
(107, 'Podr├¡an ser necios', 17),
(108, 'Padecen de dolor de cabeza, resfriados', 18),
(109, 'Podr├¡an destruir su propio hogar', 18),
(110, 'Incr├®dulos', 18),
(111, 'Creen en su imaginaci├│n', 18),
(112, 'Regularmente son nerviosos', 18),
(113, 'Pueden ser cobardes', 18),
(114, 'Autodestructivos', 18),
(115, 'Evitan las grandes responsabilidades', 18),
(116, 'Propensos a adquirir vicios relacionados con estimulantes', 18),
(117, 'Muy agresivos, enojados', 18),
(118, 'A veces son obsesivos, compulsivos', 18),
(119, 'Llegan a donde no son llamados', 18),
(120, 'Orgullosos', 18),
(121, 'Suelen ser ego├¡stas', 18),
(122, 'Puede sufrir enfermedades.', 19),
(123, 'Puede caer en la miseria.', 19),
(124, 'Puede tener inestabilidad mental.', 19),
(125, 'Puede estar expuesto a accidentes.', 19),
(126, 'Puede caer en el orgullo y la vanidad.', 19),
(127, 'Vicioso y orgulloso', 19),
(128, 'Puede resultar vicioso e infiel.', 20),
(129, 'Puede caer en la mentira', 20),
(130, 'Puede tener mucha tendencia sexual.', 20),
(131, 'Puede resultar con temperamento fuerte.', 20);

-- --------------------------------------------------------

--
-- Estructura de tabla para la tabla `edicion`
--

CREATE TABLE `edicion` (
  `id` int NOT NULL,
  `username` varchar(35) NOT NULL,
  `idHechoHistorico` int NOT NULL,
  `fecha` date NOT NULL,
  `creacion` tinyint(1) NOT NULL
) ENGINE=InnoDB DEFAULT CHARSET=utf8;

-- --------------------------------------------------------

--
-- Estructura de tabla para la tabla `energia`
--

CREATE TABLE `energia` (
  `id` int NOT NULL,
  `nombre` varchar(15) NOT NULL,
  `idImagen` int DEFAULT NULL
) ENGINE=InnoDB DEFAULT CHARSET=utf8;

--
-- Volcado de datos para la tabla `energia`
--

INSERT INTO `energia` (`id`, `nombre`, `idImagen`) VALUES
(1, 'HUN', NULL),
(2, 'KA', NULL),
(3, 'OX', NULL),
(4, 'KAN', NULL),
(5, 'HO', NULL),
(6, 'UAK', NULL),
(7, 'UUK', NULL),
(8, 'UAXAC', NULL),
(9, 'BOLON', NULL),
(10, 'LAHUN', NULL),
(11, 'BULUC', NULL),
(12, 'LAHAT', NULL),
(13, 'OXLAHUN', NULL);

-- --------------------------------------------------------

--
-- Estructura de tabla para la tabla `fortaleza`
--

CREATE TABLE `fortaleza` (
  `id` int NOT NULL,
  `fortaleza` varchar(150) NOT NULL,
  `idNahual` int NOT NULL
) ENGINE=InnoDB DEFAULT CHARSET=utf8mb4 COLLATE=utf8mb4_0900_ai_ci;

--
-- Volcado de datos para la tabla `fortaleza`
--

INSERT INTO `fortaleza` (`id`, `fortaleza`, `idNahual`) VALUES
(65, 'Inteligente, astuto', 1),
(66, 'Amable', 1),
(67, 'Reservado', 1),
(68, 'Suelen imitar lo que ven', 1),
(69, 'Tienen buenas se├▒ales', 1),
(70, 'Adinerados (Ricos)', 1),
(71, 'Maestros de todas las artes', 1),
(72, 'Es amable y trabajador', 2),
(73, 'Es guia y consejero', 2),
(74, 'Es cari├▒oso y alegre', 2),
(75, 'Es viajero y puede ser comerciante', 2),
(76, 'Afortunado, decidido, comprensivo', 2),
(77, 'Cuidadoso con las cosas', 2),
(78, 'Autoridad', 3),
(79, 'Inteligente', 3),
(80, 'Estricto', 3),
(81, 'Es respetado por sus amigos', 3),
(82, 'Principios solidos en el terreno moral y etico', 3),
(83, 'Atraido por la religi├│n o los estudios filosoficos y teologicos', 3),
(84, 'Trabajador', 3),
(85, 'Bromista', 3),
(86, 'Es paciente, fuerte, responsable, valiente, respetuoso, vigoroso y atrevido', 4),
(87, 'Es decisivo y realista', 4),
(88, 'Es de buen corazon', 4),
(89, 'Buen padre de familia', 4),
(90, 'Puede ser lider y famoso si sabe encauzar sus energias', 4),
(91, 'Es bueno para el negocio', 5),
(92, 'Es mensajero, paciente y amable', 5),
(93, 'De buen temperamento', 5),
(94, 'Tiene habilidad para el analisis y es buen observador', 5),
(95, 'Desarrolla mejor su inteligencia', 5),
(96, 'Puede tener dotes para la prediccion de las cosas', 5),
(97, 'Puede ser afortunado en lo material', 5),
(98, 'Puede tener bien desarrollado la parte espiritual', 5),
(99, 'Posee sabiduria, inteligencia', 6),
(100, 'Buena memoria', 6),
(101, 'Muy valiente', 6),
(102, 'Se les facilita el dialogo', 6),
(103, 'Prudente, discreto', 6),
(104, 'Buenos maestros y consejeros', 6),
(105, 'Muy sociable', 6),
(106, 'Es profundo', 6),
(107, 'Es serio', 6),
(108, 'Realista', 6),
(109, 'Predicador', 6),
(110, 'Comunicativo', 6),
(111, 'Es poseedor de muchos conocimientos', 7),
(112, 'Es inteligente y es consejero', 7),
(113, 'Puede llegar a ser cientifico', 7),
(114, 'Es ordenado y creativo', 7),
(115, 'Es justo y humanista', 7),
(116, 'Es buen estudiante', 7),
(117, 'Puede llegar a ser buen lider', 7),
(118, 'Es protector de la justicia', 8),
(119, 'Es fuerte y servicial', 8),
(120, 'Es incansable por lo que quiere lograr', 8),
(121, 'Puede llegar a ser guia espiritual', 8),
(122, 'Posee la habilidad para arreglar fracturas en los huesos', 8),
(123, 'Se puede defender muy bien ante cualquier problema', 8),
(124, 'Es equilibrado y cari├▒oso', 9),
(125, 'Vive y trabaja por su familia', 9),
(126, 'Si es mujer puede ser comadrona', 9),
(127, 'puede llegar a ser guia espiritual', 9),
(128, 'Es buen comunicador y expositor', 9),
(129, 'Puede desarrollar mejor la inteligencia', 10),
(130, 'Puede tener dotes de artista', 10),
(131, 'Es alegre', 10),
(132, 'Se defiende muy bien', 10),
(133, 'Puede llegar a ser guia espiritual', 10),
(134, 'Es bueno para la caceria', 10),
(135, 'Puede desarrollar la clarividencia', 11),
(136, 'Puede captar los mensajes y se├▒ales de la naturaleza', 11),
(137, 'Puede desarrollar con mayor grado su hemisferio izquierdo', 11),
(138, 'Puede tener buenas iniciativas', 11),
(139, 'Puede adaptarse a cualquier situacion', 12),
(140, 'Posee fuerza fisica', 12),
(141, 'Es so├▒ador e imaginativo', 12),
(142, 'Puede tener ideas futuristas', 12),
(143, 'No asusta casi nada', 12),
(144, 'Es madrugador, alegre y sereno', 13),
(145, 'Puede tener buen caracter', 13),
(146, 'Puede tener dotes para tratar enfermedades', 13),
(147, 'Puede ser guia espiritual', 13),
(148, 'Son fuertes, dinamicos y astutos', 13),
(149, 'Puede tener seguridad mental y fisica', 13),
(150, 'Persona sincera y ordenada.', 14),
(151, 'Puede ser l├¡der.', 14),
(152, 'Puede ser una persona muy afortunada en lo econ├│mico.', 14),
(153, 'Puede ser Gu├¡a Espiritual.', 14),
(154, 'Persona muy activa y curiosa.', 14),
(155, 'Puede recordar las cosas facilidad.', 14),
(156, 'Puede ser muy tajante en su decisi├│n.', 14),
(157, 'Persona con mucho conocimiento.', 15),
(158, 'Puede tener mucha habilidad para la intuici├│n.', 15),
(159, 'Muy inteligente.', 15),
(160, 'Practica la sinceridad y la justicia.', 15),
(161, 'Puede llegar a ser l├¡der.', 15),
(162, 'Puede tener habilidad para los pron├│sticos y la clarividencia.', 15),
(163, 'Puede ser Gu├¡a Espiritual.', 15),
(164, 'Es humilde.', 15),
(165, 'Puede ser m├®dico.', 16),
(166, 'Es fuerte ante sus enemigos.', 16),
(167, 'Es inteligente, respetuoso y seguro.', 16),
(168, 'Puede controlarse.', 16),
(169, 'Puede desarrollar habilidades para la clarividencia.', 16),
(170, 'Buenos defensores', 17),
(171, 'Poseen riquezas', 17),
(172, 'Gozan de buena salud', 17),
(173, 'Son buenos gu├¡as espirituales', 17),
(174, 'Son muy sociables', 17),
(175, 'Son fuertes, inteligentes, responsables, positivos y triunfadores.', 17),
(176, 'En el matrimonio son muy equilibrados', 17),
(177, 'Afortunados en las siembras o crianza de animales', 18),
(178, 'Muy f├®rtiles en tener hijos', 18),
(179, 'Son buenos comerciantes', 18),
(180, 'suelen tener Signos de intensa energ├¡a en su cuerpo', 18),
(181, 'Extremadamente inteligentes', 18),
(182, 'Les gusta hablar, debatir, leer, escribir', 18),
(183, 'Aficionados al ejercicio f├¡sico o la danza', 18),
(184, 'Mente compleja', 18),
(185, 'Se interesan de detalles', 18),
(186, 'De grandes virtudes.', 19),
(187, 'Es creativo, comunicativo y din├ímico.', 19),
(188, 'Practica la sinceridad.', 19),
(189, 'Es analista, imaginativo e intuitivo.', 19),
(190, 'De car├ícter abierta.', 19),
(191, 'Es rom├íntico.', 19),
(192, 'Atento, valiente, respetado, justo.', 20),
(193, 'Es defensor de otras personas.', 20),
(194, 'Es cordial.', 20),
(195, 'Logra lo que busca.', 20),
(196, 'Buen investigador y presiente las cosas o actos.', 20),
(197, 'Enamorado.', 20),
(198, 'Es el d├¡a de los abogados', 20);

-- --------------------------------------------------------

--
-- Estructura de tabla para la tabla `hechohistorico`
--

CREATE TABLE `hechohistorico` (
  `id` int NOT NULL,
  `fechaInicio` date NOT NULL,
  `fechaFinalizacion` date NOT NULL,
  `titulo` varchar(150) DEFAULT NULL,
  `descripcion` varchar(5000) DEFAULT NULL
) ENGINE=InnoDB DEFAULT CHARSET=utf8;

--
-- Volcado de datos para la tabla `hechohistorico`
--

INSERT INTO `hechohistorico` (`id`, `fechaInicio`, `fechaFinalizacion`, `titulo`, `descripcion`) VALUES
(1, '1007-04-15', '1007-05-15', 'Fundación de la aldea Uxmal', 'Al sur de Yucatán emerge con espectacularidad la zona arqueológica de Uxmal, declarada por la UNESCO Patrimonio de la Humanidad. Es una de las zonas arqueológicas de la cultura maya cuya arquitectura es de las más majestuosas de Yucatán. Su belleza se caracteriza por tener palacios bajos y horizontales, colocados alrededor de patios o cuadrángulos, los cuales son ricos en decorados de esculturas muy detalladas elaborados con miles de pequeñas piedras perfectamente pulidas y ajustadas formando mosaicos geométricos de una perfección no igualada en toda la zona maya.'),
(2, '1027-05-02', '1027-05-03', 'Comienza la Liga de Mayapán', 'Con el nombre de Liga de Mayapán se designa una legendaria alianza de estados mayas del período posclásico mesoamericano. La alianza es mencionada por varias crónicas mayas que fueron escritas en los tiempos de la colonia española. Según estas crónicas, la Liga de Mayapán habría surgido de un acuerdo de paz entre los estados mayas centrados en Uxmal, Chichén Itzá y Mayapán.'),
(3, '1194-11-22', '1194-11-23', 'Complot de Hunac Ceel', 'Hunac Ceel Cauich (siglo XII d.C. ​) Jefe de los mayas cocomes de Mayapán. Hunac significa \"el grande o por excelencia\", \"Ceel\" apócope de \"ceelem\" que significa \"joven hermoso\", es decir \"el que es joven y hermoso por excelencia\". Cauich es un apódo o \"coco kaba\" , \"Ca\" significa \"doble\", \"uich\" significa \"cara\", es decir \"el de dos caras\".');

-- --------------------------------------------------------

--
-- Estructura de tabla para la tabla `informacion`
--

CREATE TABLE `informacion` (
  `id` int NOT NULL,
  `titulo` varchar(50) NOT NULL,
  `descripcionEscritorio` varchar(5000) DEFAULT NULL,
  `descripcionWeb` varchar(5000) DEFAULT NULL
) ENGINE=InnoDB DEFAULT CHARSET=utf8;

--
-- Volcado de datos para la tabla `informacion`
--

INSERT INTO `informacion` (`id`, `titulo`, `descripcionEscritorio`, `descripcionWeb`) VALUES
(1, 'inf_haab_escritorio', 'El Haab, es el más similar al calendario que utilizamos en la actualidad con 365\ndías en su recuento que se basa en observaciones solares. Este calendario, según\nlos expertos, se estima que se utilizó por primera vez alrededor del solsticio de\ninvierno de 550 ANE y fue creado para ser utilizado en conjunto con el Tzolkin', NULL),
(2, 'inf_kin_haab_escritorio', 'El Kin es el equivalente a los días del mes, pero en lugar de 30 o 31 días, se \nnecesitan 20 para formar un uinal (mes maya). Cada uno cuenta con su \nrepresentación en jeroglífico junto con su nombre individual que no es \nel nombre de un número regular.', NULL),
(3, 'inf_uinal_haab_escritorio', 'El uinal se puede ver como el equivalente a nuestros meses \nya que constan de 20 días, pero en lugar de 12 de \nellos, el calendario Haab Maya cuenta con 18 de ellos. Los \nuinales, a parte de contar el tiempo se utilizaban para\nrealizar ciertas actividades.', NULL),
(4, 'inf_calendario_lunar', 'Calendario Lunar\nAl Cholq’ij también se le denomina calendario lunar y marca \nnueve lunas llenas, período en el que se gesta un ser humano. \nDe acuerdo con la cosmovisión maya, la lectura de los signos\ny numerales mayas descritos en este calendario espiritual y\nmaterial le permite al ajq’ij orientar la vida de \nlas personas, según su fecha de nacimiento; y también es \nutilizado por la Iyom para programar el recibimiento de una\nnueva criatura', NULL),
(5, 'inf_formas_contar', 'Forma de contar el Cholq’ij\n\nUna manera de contar el Cholq’ij para los maya k’iche’ de la actualidad es iniciar el conteo\nen Waqxaqib’ B’atz’ (8 B’atz’), repitiendo así cada 260 días ese número y fecha \n(Aj Xol Ch’ok, 2008). Cada día del calendario se combina con un numeral que va del 1 al 13, \nhasta completar 260 días. El mismo día en que inicia la cuenta vuelve a repetirse cada \n260 días. En la antigüedad se acostumbraba a empezar el calendario en 1 Imox y se seguía el \nmismo proceso de multiplicación de los numerales con los días para alcanzar el total de 260 \n(Aj Xol Ch’ok, 2008). La construcción del ciclo de 260 días del calendario Cholq’ij tiene \ncomo base la disciplina vigesimal maya (13X20); “esta relación organiza una frecuencia matemática \ndel movimiento natural lunar de 13:20 que se determina en base a las gravitaciones, \nprincipalmente de la Luna–Tierra, las cualidades del ser en la madre Tierra de acuerdo a su \ndía de engendración, día del nacimiento y su proyección o misión en la vida” (García, Curruchiche \n& Taquirá, 2009, p. 234). Los días de este calendario “son representados también en los 10 \ndedos superiores de las manos, más los 10 dedos inferiores de los pies, lo que suma 20, que \nrepresenta los días del Cholq’ij”, pues la construcción matemática del sistema vigesimal \nmaya “se fundamenta en el Jun Winaq de 20 dedos”', NULL),
(6, 'inf_dias_cholquij', 'Días del Cholq’ij\nEn maya k’iche’, los veinte días del Cholq’ij reciben los siguientes \nnombres: B’atz’, E, Aj, I’x, Tz’ikin, Ajmaq, No’j, Tijax, \nKawoq, Ajpu, Imox, Iq’, Aq’ab’al, K’at, Kan, Kame, Kej, Q’anil, \nToj, Tz’i’. Estos nombres corresponden al de los 20 nahuales o signos \nde los días del calendario, los cuales simbolizan ciertas \nparticularidades que se asocian a las personas según la fecha de su \nnacimiento (Barrios, 2004; León, 1999; Aj Xol Ch’ok, 2008; Rupflin, 1999).', NULL),
(7, 'inf_cholquij', 'Calendario Cholquij\nEl Cholq’ij (término maya kaqchikel) es un calendario sagrado \ndel pueblo Maya, compuesto por 260 días divididos en 13 meses\nTambién recibe el nombre de calendario ritual o calendario \nsagrado o Tzolkin', NULL),
(8, 'inf_acerca_de', '                                           Tiempo Maya - Guatemala V1.1\r\n\r\nLa cultura maya se refiere a una civilización mesoamericana que destacó a lo \r\nlargo de más de dos milenios en numerosos aspectos socioculturales como su escritura \r\njeroglífica, uno de los pocos sistemas de escritura plenamente desarrollados del\r\ncontinente americano precolombino, su arte, la arquitectura, su mitología y sus\r\nnotables sistemas de numeración, así como en astronomía y matemáticas. Se desarrolló\r\nen el sureste de México (en los estados de Yucatán, Campeche, Quintana Roo, Chiapas\r\ny Tabasco), prácticamente todo Guatemala y también en Belice, la parte occidental de\r\nHonduras y en El Salvador, abarcando más de 300,000 km.\r\n\r\nEsta aplicación permite difundir algunos de los conocimientos de la cultura Maya,\r\ncomo por ejemplo: los diferentes calendarios Mayas, el conteo del tiempo, los\r\nNahuales y energías. Este sistema despierta el interés y las herramienta nos brindan\r\nmás conocimientos sobre la cultura, así como puede llegar hacer un canal de\r\ncomunicación y construcción del conocimiento con otros interesados.\r\n\r\n                                                             Copyright 2021\r\n                                               Este software fue desarrollado por:\r\n                                 (bryanrene-gomezgomez@cunoc.edu.gt) creado en:\r\n                                                            NetBeans IDE 11.1', NULL),
(9, 'inf_rueda_calendarica', 'En los calendarios mesoamericanos, la rueda calendárica, es la combinación del\r\nciclo de 260 días (Tzolkin en el Calendario maya, tonalpohualli en el calendario\r\nmexica) y el de 365 días (Haab en maya, xiuhpohualli en náhuatl, pije en zapoteco)\r\nque para encajarse tardan un período de más o menos 52 años, 18.980 días (el\r\nmínimo común múltiplo de 260 y 365).', NULL),
(10, 'inf_rueda_calendarica_mecanismo', 'De la Rueda del Calendario, se dice que el ciclo de 52 años es más importante que el\r\naño.\r\n\r\nUn ejemplo de fecha en la rueda calendárica, 8 Cauac 13 Zip, se referiría al octavo día\r\nde la trecena Cauac en el Tzolkin, que coincide con el día 13 de Zip en el Haab.\r\n\r\nLa diferencia entre los 52 años de 365 días cada uno y los 52 años de 360 días, es de\r\n260 días exactamente; así se puede llevar el cálculo de sus coincidencias a través de\r\nciclos de 260 días, ya que\r\n\r\n    -> 18 980 = 73 x 260\r\n    -> 18 720 = 72 x 260\r\n    -> 5 256 = 72 x 73 = 9 x 584.2​\r\n\r\nTambién debe ser tomado en cuenta que 13 x 360 = 18 x 260 = 4 680.\r\n\r\n    -> Es decir, si los 5 días de Uayeb\' son omitidos (como debe haber sido el caso en\r\n    los orígenes del calendario), los períodos de 360 y de 260 días coincidirían después\r\n    de, respectivamente, 13 y 18 ciclos (13 \"años\" de 360 días).\r\n    \r\n    -> Cuatro de esos ciclos de 13 \"años\" abarcan 52 \"años\" de 360 días.\r\n    \r\n    -> Ahora, 52 veces esos 5 adicionales días de Wayeb\' resultan en exactamente uno más\r\n    de los ciclos de 260 días.\r\n\r\nEl sistema de la rueda calendárica, sirve para interpretar una sucesión infinita de\r\nperíodos de 52 años. Se desconoce su nombre en lenguas mayenses, pero el nombre en\r\nidioma náhuatl utilizado por los mexicas era \"Xiuhnelpilli\", aunque es más usual\r\nencontrarlo escrito como Xiuhmolpilli, forma gramaticalmente incorrecta;3​ cuyo\r\nsignificado es anudación de los años.\r\n\r\nCada 52 años las culturas mesomericanas realizaban importantes ceremonias. Para el\r\ncaso de los mexicas era la llamada \"ceremonia del fuego nuevo\".', NULL);

-- --------------------------------------------------------

--
-- Estructura de tabla para la tabla `nahual`
--

CREATE TABLE `nahual` (
  `id` int NOT NULL,
  `nombre` varchar(35) DEFAULT NULL,
  `fechaInicio` date NOT NULL,
  `fechaFinalizacion` date NOT NULL,
  `idImagen` int DEFAULT NULL,
  `significado` varchar(100) DEFAULT NULL,
  `descripcion` varchar(5000) DEFAULT NULL,
  `nombreSp` varchar(35) DEFAULT NULL,
  `nombreYucateco` varchar(35) DEFAULT NULL
) ENGINE=InnoDB DEFAULT CHARSET=utf8;

--
-- Volcado de datos para la tabla `nahual`
--

INSERT INTO `nahual` (`id`, `nombre`, `fechaInicio`, `fechaFinalizacion`, `idImagen`, `significado`, `descripcion`, `nombreSp`, `nombreYucateco`) VALUES
(1, 'B\'atz', '0001-01-01', '0001-01-01', 1, 'HILO, EL D├ìA DEL PRINCIPIO DE LA ENERG├ìA, DEL TIEMPO Y DEL ESPACIO.', 'El s├¡mbolo del hombre y de la humanidad, de la realizaci├│n del hombre. S├¡mbolo de continuidad con el pasado, como se ha englobado dentro del ritual. ÔÇ£Un buen d├¡a, de la perpetraci├│n de las ceremonias y costumbres de nuestros antepasados. Es el d├¡a en que se realiza aquella parte del matrimonio en que se pide la novia, y el casamiento cuarenta d├¡as despu├®s, en un d├¡a BÔÇÖatzÔÇÖ con un n├║mero m├ís alto. En 8 BÔÇÖatzÔÇÖ se presenta p├║blicamente el aprendiz de sacerdote maya, y cuarenta d├¡as despu├®s se realiza el agradecimiento. Simboliza el tiempo. Nuestros antepasados, los mayas representaron el tiempo imagin├índolo como un hilo enrollado a un carrizo que se encuentra debajo de la tierra. Este hilo se va desenrollando a medida que el tiempo pasa. La historia se teje con el tiempo, as├¡ como el hilo teje los vestidos. El ciclo Nuevo Maya, WajxaqibÔÇÖ BÔÇÖatzÔÇÖ, en la ceremonia se ameniza con marimba y se baila alrededor del fuego. El BÔÇÖatzÔÇÖ amarra y desata. Se le dice BÔÇÖatzÔÇÖ porque gira. Y es el talento del ser humano.', 'Mono', 'Chuwen'),
(2, 'E', '0001-01-01', '0001-01-01', 2, 'CAMINO, EL D├ìA DEL CAMINO SAGRADO, EL D├ìA DE LA ACCI├ôN.', 'Simboliza el camino y el destino. Es el gu├¡a. Es el que nos lleva a un punto fijo. Uno de los Cargadores del Tiempo. Es la protecci├│n de los viajeros y caminantes. Conduce la vida espiritual y material. Es el que hace posible la realizaci├│n humana en todos los ├│rdenes y en todas las manifestaciones. Pero tambi├®n puede simbolizar los obst├ículos con que los seres humanos se tropiezan en la continua b├║squeda de esa realizaci├│n. Es un d├¡a bueno para desplazarse en cualquier lugar. En caso de peligro, el Ajaw E es el que da la protecci├│n. Tambi├®n es d├¡a bueno para agradecer el bienestar f├¡sico, la vida misma de las personas y el trabajo. Es un d├¡a muy sagrado. Por esta raz├│n, se puede pedir su protecci├│n, como dice el Popol Wuj ÔÇ£que no se caigan en la bajada ni en la subida del camino. Que no encuentren obst├ículos ni detr├ís ni delante de ellos, ni cosa que los golpee. Conc├®deles buenos caminos, hermosos caminos planosÔÇªÔÇØ. Es el viaje, la traves├¡a y el trayecto. Se ofrecen ceremonias o invocaciones para que limpie el camino de los peligros y de los accidentes.', 'Camino', 'Eb\''),
(3, 'Aj', '0001-01-01', '0001-01-01', 3, 'CA├æA Y MILPA ES El D├ìA DE LA ABUNDANCIA Y LA MULTIPLICACI├ôN.', 'Simboliza ca├▒a veral y milpa. Todo lo que se relaciona al hogar y la familia. Es el s├¡mbolo que dej├│ Jun Ajpu IxbÔÇÖalamkej de su vida, cuando sembr├│ la ca├▒a en medio del patio de la casa de la abuela Ixmukane. Aj es s├¡mbolo de la resurrecci├│n de Jun Ajpu e IxbÔÇÖalamkej, quienes no murieron en manos de los se├▒ores de XibÔÇÖalbÔÇÖa. Es el triunfo del bien sobre el mal. Es el destino representado por el Nawal o los Nawales. 8 Aj es el d├¡a en el cual se establece el destino de uno, para llamarlo y reconocerlo. tambi├®n es elote, ma├¡z tierno. D├¡a relacionado con todo lo que concierne a los ni├▒os. Es d├¡a bueno y sobre todo para rezar por las criaturas. Tambi├®n es el d├¡a de la enfermedad debilidad en el tejido ├│seo, pero de mucha energ├¡a espiritual. Es el hogar, la casa, todo lo que se relaciona con la casa. Los que nacen en Aj pueden ser sacerdotes mayas.', 'Hogar', 'B\'en'),
(4, 'I\'x', '0001-01-01', '0001-01-01', 4, 'MUJER Y JAGUAR, EL DIA DE LA MADRE TIERRA, LA MADRE NATURALEZA Y LA LUNA.', 'Es el s├¡mbolo y energ├¡a de la Madre Tierra. Representa los lugares o centros ceremoniales donde se llevan a cabo las ceremonias. Son los cerros, las monta├▒as, las planicies. Significa Jaguar. Representa el altar maya o sea el tabÔÇÖal. Es un d├¡a especial para pedir la vida de los animales tanto dom├®sticos como salvajes. Se le pide a Ajaw una buena cosecha de cualquier cultivo, en especial el de las verduras. En este d├¡a se encienden candelas de color verde, ya que simbolizan el color de la Madre Tierra. Representa el altar maya o sea el tabÔÇÖal. Es un d├¡a especial para pedir la vida de los animales tanto dom├®sticos como salvajes. Se le pide a Ajaw una buena cosecha de cualquier cultivo, en especial el de las verduras. En este d├¡a se encienden candelas de color verde, ya que simbolizan el color de la Madre Tierra.', 'Madre Tierra', 'Ix'),
(5, 'Tz\'ikin', '0001-01-01', '0001-01-01', 5, 'AGUILA, El D├ìA DE LA RIQUEZA Y LA BUENA FORTUNA, EL D├ìA DE LA VISI├ôN.', 'Significa p├íjaro. Es el s├¡mbolo de la suerte, la fortuna y los bienes materiales. Tambi├®n es s├¡mbolo de libertad y es el nawal de las aves. Simboliza el p├íjaro sagrado QÔÇÖuqÔÇÖumatz. Este d├¡a es propicio para pedir por la abundancia de los bienes como el dinero. Se quema el ajonjol├¡ y el chocolate como ofrendas a Ajaw. Se encienden candelas de colmena pura y se le pide a Ajaw un buen negocio. TzÔÇÖikin significa p├íjaro y simboliza la intermediaci├│n entre los seres humanos y Ajaw, representado por todo lo que hay en el espacio: el aire, las nubes, el fr├¡o y el calor. Son fuerzas invisibles, pero que El Coraz├│n del Cielo y El Coraz├│n de la Tierra las ha puesto a nuestro servicio y protecci├│n. Tambi├®n es un d├¡a de desarrollo espiritual y, por tanto, de la plena realizaci├│n humana. Es el d├¡a para agradecer los bienes materiales principalmente lo relacionado a dinero. Sin embargo, al no agradecer estos favores tambi├®n puede traer la miseria.', 'Pajaro', 'Men'),
(6, 'Ajmaq', '0001-01-01', '0001-01-01', 6, 'PECADO, ES EL D├ìA PARA DAR Y PEDIR PERD├ôN POR TODOS LOS PECADOS ANTE EL AJAW.', 'Esta palabra significa pecador en KÔÇÖicheÔÇÖ. Es el d├¡a de los pecadores. Este d├¡a se dedica a pedir perd├│n por los pecados y por los pecadores. Es el d├¡a dedicado a los difuntos. El pecado es una columna de humo que nos oculta delante de la presencia de Dios. Nuestros antepasados dijieron: ÔÇ£que el pecado es la ofensa que se hace directamente a Dios. No creer, no servir, no alabar al Coraz├│n del Cielo, al coraz├│n de la Tierra. Mak es ofensa a Dios y WuqubÔÇÖ qakÔÇÖix es ofensa al pr├│jimoÔÇØ Es el d├¡a de los que no podemos ver, el d├¡a de los difuntos. El d├¡a de la fortaleza que nos da la historia de nuestro pasado. Tambi├®n es el d├¡a del castigo cuando no estamos actuando en concordancia con las ense├▒anzas que ellos nos legaron. Es el d├¡a del enojo de los difuntos. (BEA) ÔÇ£Ajmaq no es un mal d├¡a. Es un d├¡a para pedir perd├│n por los pecados. Son los d├¡as en los cuales se reza por protecci├│n, ya que de estos d├¡as puede venirle a uno, da├▒o por sus pecados o sus malos pensamientos. es la muerte en casa, la muerte natural por enfermedad, la muerte tranquila. En ese d├¡a se habla con los difuntos, es para pedir perd├│n en el caso de los pecadores.', 'Pecador', 'K\'iB\''),
(7, 'No\'j', '0001-01-01', '0001-01-01', 7, 'SABIDUR├ìA, ES EL D├ìA DEL CONOCIMIENTO Y LA INTELEGNECIA, EL D├ìA DE LA CIENCIA.', 'Es la sabidur├¡a y el conocimiento. Es el nawal de la inteligencia. Es el buen consejo, seg├║n los abuelos y abuelas. Es la sabidur├¡a que viene del Formador y Creador. Tambi├®n es uno de los Cargadores del Tiempo. D├¡a propicio para agradecer el conocimiento y pedir buenos pensamientos. El que nace bajo la influencia del NoÔÇÖj ser├í inteligente, activo y tendr├í buenos pensamientos, siempre y cuando sepa manejar las energ├¡as del d├¡a. Significa tambi├®n idea y sabidur├¡a. Seg├║n los mayas ning├║n hombre es sabio. Por eso, el hombre, para recibir ideas y consejos, debe consultar al Ajaw por medio del ÔÇ£xukulemÔÇØ o la ceremonia maya. Tambi├®n puede realizar dichas consultas por medio del tzÔÇÖiteÔÇÖ, mediante la intermediaci├│n del AjqÔÇÖij, para recibir los consejos de los abuelos y abuelas. Dentro de la espiritualidad maya, el hombre tiene ideas pero no sabidur├¡a. Por eso, es importante juntarse en consejo para unir ideas y formar as├¡ una ciencia. Nuestros antepasados se reun├¡an en consejo bajo la protecci├│n del NoÔÇÖj. es el d├¡a de la sabidur├¡a. Es el d├¡a para tomar decisiones de manera particular o en consejo. Es un d├¡a que propicia la planificaci├│n de alg├║n proyecto y de los lineamientos a seguir en la conducci├│n de la comunidad y de la sociedad en general. Tambi├®n es el d├¡a en que nuestro pensamiento puede tener mayor fluidez.', 'Sabiduria', 'Kab\'an'),
(8, 'Tijax', '0001-01-01', '0001-01-01', 8, 'CUCHILLO DE DOBLE FILO, EL D├ìA QUE CORTA TODO LO NEGATIVO.', 'Significa piedra y obsidiana. Es el s├¡mbolo del pedernal. Es la energ├¡a de la persona que cura en la cultura maya. Es el poder del trueno y el rayo. La persona que nace bajo la influencia de este d├¡a, puede ser un gran curandero o m├®dico con mucha energ├¡a en las manos. Es ajqÔÇÖ├¡j, cura enfermedades f├¡sicas y psicol├│gicas. Puede arreglar fracturas de los huesos. Una de las influencias negativas del d├¡a es que puede causar alg├║n sufrimiento o malestar. Seg├║n los AjqÔÇÖijabÔÇÖ, es un d├¡a que ÔÇ£comeÔÇØ. Para no ser alcanzado por estas influencias negativas debe hacerse alguna ofrenda y solicitar la intermediaci├│n del Gu├¡a Espiritual. Es un d├¡a que puede evitar la humillaci├│n y la ruina a causa de algo o alguien. Es un d├¡a de protecci├│n. Los que nacen es este d├¡a pueden llegar a ser col├®ricos y pueden destruir espiritual o emocionalmente a alguien. A veces, nadie les aguanta y resulta dif├¡cil comprenderlos.', 'Piedra', 'Etz\'nab\''),
(9, 'Kawoq', '0001-01-01', '0001-01-01', 9, 'RAYO DIVINO, EL D├ìA DE LA ABUNDANCIA PARA LA FAMILIA.', 'Es el nawal de la mujer como comadrona. Es el d├¡a de la Vara Espiritual, le Pisom QÔÇÖaqÔÇÖal. Es el rel├ímpago. Es la dualidad del fuego sagrado en funci├│n de la espiritualidad maya. Es el d├¡a de la comunidad, de la familia, del grupo y de la sociedad. Es la energ├¡a que facilita las lluvias para darnos buenas cosechas, principalmente la del ma├¡z. Proporciona capacidad y habilidad para curar y orientar. Es la energ├¡a que fortalece a las Gu├¡as Espirituales. Mantiene la energ├¡a y la fertilidad. Es un d├¡a de mucha relaci├│n con la Madre Tierra y los elementos al proveer sabidur├¡a para el manejo de las plantas medicinales. Facilita la unidad y el cuidado de la familia. Es el d├¡a de la mujer como esposa y madre que calienta el seno del hogar. Tambi├®n es un d├¡a especial para la plena realizaci├│n de la mujer en la comunidad y en la sociedad.', 'Relampago', 'Kawak'),
(10, 'Ajpu\'', '0001-01-01', '0001-01-01', 10, 'GUERRERO, ES EL D├ìA DEL GRAN AJAW, EL D├ìA DEL SE├æOR, EL D├ìA DEL L├ìDER.', 'Es la luz y es la representaci├│n del Abuelo Sol. Significa cerbatanero, cazador, tirador y caminante. Es el d├¡a de la fuerza corporal y del triunfo del bien sobre los obst├ículos. Es la representaci├│n del triunfo de Jun Ajpu e Ixbalamke sobre los se├▒ores de XibÔÇÖalbÔÇÖa. Esta se├▒al le fue dada a la abuela Ixmukane cuando reto├▒├│ el ca├▒averal que sembraron los dos muchachos en el patio de la casa. Es el d├¡a del gran Ajaw, el padre y su representaci├│n solar, el d├¡a de la grandeza, de la fuerza de la vida. Es el que trae luz y claridad a los seres humanos y sobre toda la humanidad. Es la fuerza regenerativa, el ciclo de la vida. La facultad para tener a toda la galaxia. Rige los eclipses lunares y solares. Es el momento de servir a los dem├ís.', 'Luz', 'Ajaw'),
(11, 'Imox', '0001-01-01', '0001-01-01', 11, 'IZQUIERDA, ES EL D├ìA DEL AGUA, DEL CAMBIO Y DEL PODER ESP├ìRITUAL SOBRENATURAL.', 'S├¡mbolo de las fuerzas ocultas del universo manifestadas en demencia. ÔÇ£ImoxÔÇØ es el nombre de todas las cosas secretas. En general, es un d├¡a de influencias negativas. Es un d├¡a peligroso. Es s├¡mbolo del hemisferio izquierdo, la parte sutil de los seres humanos, es la sensibilidad. Es la esencia de nuestra conciencia y de nuestra mente. Es el nawal o esp├¡ritu del agua. Genera movimiento pero, tambi├®n, descontrol emocional. Es un d├¡a con influencias negativas y los que nacen en este d├¡a pueden convertirse en busca pleitos. Por eso, el d├¡a es propicio para las ceremonias de limpieza emocional. Significa idiotez y locura. Es un d├¡a especial para pedir la abundancia de agua. D├¡a para invocar por los r├¡os y nacimientos de agua para que no se sequen. Su trabajo es ayudar al hemisferio derecho del cerebro a realizar un mejor trabajo y a tomar una buena actitud. Es el d├¡a de la perturbaci├│n mental o de la equivocaci├│n. No es indicado para tomar decisiones. Es el d├¡a en que se puede implorar y limpiar las perturbaciones provocadas por el enemigo en todos los ├│rdenes de la vida.', 'Pez', 'Imix\''),
(12, 'Iq\'', '0001-01-01', '0001-01-01', 12, 'LUNA EL D├ìA DEL AIRE CRISTALINO Y DEL OX├ìGENO.', 'Es el viento y la vida. Es nawal de la lluvia. Es el d├¡a del Coraz├│n del Cielo y Coraz├│n de la Tierra. Es el aire y el soplo sagrado que da fuerza y vida. En este d├¡a se le pide al viento que se lleve los sufrimientos o las enfermedades de la persona. Significa aire y aliento de vida. Tambi├®n, es el nawal de Junraqan (Hurac├ín) convertido en tornado. Es uno de los Cargadores del Tiempo. Es, tambi├®n, la respiraci├│n de la persona. Es el soplo sagrado, suave y apacible purificador del cuerpo, de la mente, del esp├¡ritu y de las emociones. Es el espacio invisible existente entre la materia. Es uno de los elementos que produce los fen├│menos naturales. El ni├▒o que nace en IqÔÇÖ es un ni├▒o que hace de todo pero no llega a nada. Es como el aire que toca y arrastra todo lo que encuentra en su camino. Puede construir pero tambi├®n destruye.', 'Viento', 'Ik\''),
(13, 'Aq\'ab\'al', '0001-01-01', '0001-01-01', 13, 'D├ìA Y NOCHE, EL D├ìA DEL KIEB┬┤AWIL (POLARIDAD), EL D├ìA DE LA BENDICI├ôN.', 'Es el s├¡mbolo de la mano y de la aurora formada por los primeros rayos del sol que se asoman sobre las monta├▒as para disipar las tinieblas y la oscuridad de la noche. Significa amanecer, aurora, luz, claridad, nuevo d├¡a. Es la renovaci├│n de energ├¡a. Es la llegada de la luz, del crep├║sculo, la luz que se asoma detr├ís de los cerros y monta├▒as. Es el d├¡a del amanecer, del futuro promisorio que esperamos cada d├¡a, los mejores d├¡as para nuestro pueblo y para cada persona en particular.', 'Amanacer', 'Ak\'b\'al'),
(14, 'K\'at', '0001-01-01', '0001-01-01', 14, 'RED, EL DIA DE AGRUPAR, EL DIA DE REUNIR EN ABUNDANCIA.', 'Est├í relacionado con la palabra kÔÇÖatik que significa arder. S├¡mbolo del fuego y de la red. En el ritual se hace menci├│n del d├¡a como tiempo para el enredo y el desenredo. Es el que enreda y desenreda la vida. Es la red donde se guarda la mazorca. La red con la que se pesca. La red donde mueren los peces. Significa cautiverio y ausencia de libertad. Signo de opresi├│n que se ejerce sobre una comunidad. Es el trastecito o el bracero que le entregan a uno cuando recibe el Pisom QÔÇÖaqÔÇÖal o la Vara Sagrada. Para los nacidos en KÔÇÖat, en la espiritualidad maya, se les recomienda visitar al AjqÔÇÖij cada veinte d├¡as para efectuar su ceremonia. De lo contrario, pueden tener muchos enredos en el camino, en el trabajo y en la vida.', 'Red', 'K\'an'),
(15, 'Kan', '0001-01-01', '0001-01-01', 15, 'SERPIENTE Y QUETZAL, EL D├ìA DE NUESTRA GALAXIA, LA VITALIDAD Y DEL FUEGO INTERNO.', 'Significa movimiento, Es el s├¡mbolo de la Gran Energ├¡a que cre├│ el Universo. Es la Serpiente Emplumada o QÔÇÖuqÔÇÖumatz. Es la evaluaci├│n humana y el desarrollo espiritual. Es la Sabidur├¡a y el ciclo del tiempo. Es guardi├ín del bosque. Es el d├¡a de la transformaci├│n. significa justicia y equilibrio. Es un d├¡a muy fuerte y ÔÇ£enojadoÔÇØ. Es un d├¡a que puede traer malas influencias como el enojo y la ri├▒a. Sin embargo, es un s├¡mbolo de la verdad y es r├ípido e implacable cuando la justicia se├▒ala a alguien el lugar de los perdedores. La energ├¡a del d├¡a se presta para la soluci├│n de problemas.', 'Movimiento', 'Chikchan'),
(16, 'Kame', '0001-01-01', '0001-01-01', 16, 'NACER Y MORIR, EL D├ìA DE LOS CICLOS DE LA VIDA Y LA GENETICA.', 'Es el s├¡mbolo de la muerte. S├¡mbolo de la disoluci├│n final de todas las cosas, buenas y malas. Significa tecolote y muerte. Es el renacimiento. Significado que se expresa a trav├®s de los sagrados granos de TzÔÇÖiteÔÇÖ o Palo de Pito. Es d├¡a propicio para pedir por la salud de los enfermos y para hacer ofrendas porque progrese el negocio. Es la energ├¡a de las personas que mueren de manera natural. Puede restar fuerza a una persona o fortalecerla. Pronostica lo bueno y lo malo. Es la comunicaci├│n con las abuelas y abuelos a trav├®s de las candelas de cebo que se ofrecen en las ceremonias. Prudencia y protecci├│n para evitar accidentes. Es el Juez Supremo de todas las cosas. Nawal de la enfermedad y de la muerte.', 'Tecolote', 'Kimi'),
(17, 'Kej', '0001-01-01', '0001-01-01', 17, 'VENADO, EL D├ìA DE LOS 4 PUNTOS CARDINALES, EL D├ìA DEL BALANCE.', 'El nawal del Kej es muy masculino y si una mujer nace en este d├¡a, tiene el car├ícter y voz fuertes y es de alguna manera varonil. Simboliza venado, los cuatro sostenes, los cuatro pilares, es decir los cuatro puntos cardinales. Es el d├¡a fuerte y bueno. Es un d├¡a que aplasta. Es un d├¡a que demuestra su fuerza y su poder. Los que nacen en este d├¡a: son de caracter fuerte y poseen fortaleza f├¡sica. Son buenos defensores de otras personas, pero no pueden defenderse a s├¡ mismos. pueden ser ricos y poseer muchos bienes. generalmente gozan de buena salud pues no se enferman con facilidad. Son los cuatro puntos cardinales que sostienen el mundo; sostiene la vida del hombre. Los que nacen en este d├¡a son caminantes y tienen suerte en el negocio. Es el d├¡a en que se pide fuerza, fortalecimiento, endurecimiento, para que uno sea duro, aguantador en caso de enfermedades, golpes, cr├¡ticas, que uno aguante lo duro de la vida. Los que nacen en Kej podr├¡an ser buenos gu├¡as espirituales mayas.', 'Venado', 'Manik\''),
(18, 'Q\'anil', '0001-01-01', '0001-01-01', 18, 'SEMILLA, EL D├ìA DE LA SEMILLA DE LA VIDA Y LOS FRUTOS.', 'Este es un d├¡a propicio para las rogativas que se hacen con relaci├│n al ma├¡z y para darle gracias a la divinidad de la tierra, por la cosecha de ma├¡z. Es el nawal de las cosechas. El que nace en este d├¡a es buen agricultor. Hay que buscar este tanto para la siembra como para la cosecha del ma├¡z. Simboliza los cuatro colores del ma├¡z existentes en Meso Am├®rica: rojo, negro, blanco y amarillo. Los cuatro colores de la piel de la humanidad. Los cuatro puntos cardinales del universo. En este d├¡a se pide buena cosecha. Es el d├¡a del agricultor.Significa pago, ofrenda y agradecimiento. Se ponen presentes para el pago de alguna culpa o para enmendar alg├║n error. Es el d├¡a especial de las ofrendas. Se agradece el sol, el agua, el aire, el alimento y todo lo que nos rodea y lo que hemos recibido de la Madre Tierra. Los que nacen en Toj, algunas veces, son los que pagan la deuda de la familia, por eso es que pueden sufrir problemas de salud.', 'Semilla', 'Lamat'),
(19, 'Toj', '0001-01-01', '0001-01-01', 19, 'PAGO, EL D├ìA DE LOS PAGAMIENTOS Y LA LIBERACI├ôN DEL PASADO.', 'Significa pago, ofrenda y agradecimiento. Se ponen presentes para el pago de alguna culpa o para enmendar alg├║n error. Es el d├¡a especial de las ofrendas. Se agradece el sol, el agua, el aire, el alimento y todo lo que nos rodea y lo que hemos recibido de la Madre Tierra. Los que nacen en Toj, algunas veces, son los que pagan la deuda de la familia, por eso es que pueden sufrir problemas de salud.', 'Ofrenda', 'Muluk'),
(20, 'Tz\'i\'', '0001-01-01', '0001-01-01', 20, 'PERRO, EL D├ìA DE LA JUSTICIA, EL D├ìA DEL EQUILIBRIO DE LA LEY MATERIAL Y ESPIRITUAL.', 'El antiguo significado de TzÔÇÖiÔÇÖ es tepescuintle. En idioma kÔÇÖicheÔÇÖ es Lalo. Guardi├ín de la milpa de la abuela Ixmukane de donde IxkÔÇÖikÔÇÖ trajo la red llena de mazorcas, y que le ayud├│ a cumplir con su tarea de una manera m├ígica. En el Popol Wuj significa Jun Ajpu WuchÔÇÖ, cazador tacuac├¡n y Jun Ajpu Utiw, cazador coyote. Tambi├®n es guardi├ín de los cerros, las monta├▒as, las veredas y los barrancos. Es la fidelidad, la autoridad y la ley. Por tanto, es el guardi├ín de la ley natural y espiritual. Hace los papeles de secretario. Puede influir en excesivas conductas sexuales. Por eso, algunos Gu├¡as Espirituales le atribuyen como s├¡mbolo del pecado, especialmente de impureza sexual. El que nace en este d├¡a puede resultar muy sexual, sea hombre o mujer. La intensidad de esta conducta depender├í del numeral que acompa├▒a al TzÔÇÖiÔÇÖ como d├¡a de nacimiento.', 'Tepezcuintle', 'Ok');

-- --------------------------------------------------------

--
-- Estructura de tabla para la tabla `rol`
--

CREATE TABLE `rol` (
  `id` int NOT NULL,
  `tipo` varchar(20) NOT NULL
) ENGINE=InnoDB DEFAULT CHARSET=utf8;

--
-- Volcado de datos para la tabla `rol`
--

INSERT INTO `rol` (`id`, `tipo`) VALUES
(1, 'ADMIN'),
(2, 'GUEST');

-- --------------------------------------------------------

--
-- Estructura de tabla para la tabla `rutaimagen`
--

CREATE TABLE `rutaimagen` (
  `id` int NOT NULL,
  `categoria` varchar(30) DEFAULT NULL,
  `dirWeb` varchar(230) DEFAULT NULL,
  `dirEscritorio` varchar(230) DEFAULT NULL
) ENGINE=InnoDB DEFAULT CHARSET=utf8mb4 COLLATE=utf8mb4_0900_ai_ci;

--
-- Volcado de datos para la tabla `rutaimagen`
--

INSERT INTO `rutaimagen` (`id`, `categoria`, `dirWeb`, `dirEscritorio`) VALUES
(1, 'Nahual', NULL, './src/calendariomaya/img/nahuales_habb/1 batz.jpg'),
(2, 'Nahual', NULL, './src/calendariomaya/img/nahuales_habb/2 e.jpg'),
(3, 'Nahual', NULL, './src/calendariomaya/img/nahuales_habb/3 aj.jpg'),
(4, 'Nahual', NULL, './src/calendariomaya/img/nahuales_habb/4 ix.jpg'),
(5, 'Nahual', NULL, './src/calendariomaya/img/nahuales_habb/5 tzikin.jpg'),
(6, 'Nahual', NULL, './src/calendariomaya/img/nahuales_habb/6 ajmaq.jpg'),
(7, 'Nahual', NULL, './src/calendariomaya/img/nahuales_habb/7 noj.jpg'),
(8, 'Nahual', NULL, './src/calendariomaya/img/nahuales_habb/8 tijax.jpg'),
(9, 'Nahual', NULL, './src/calendariomaya/img/nahuales_habb/9 kawoq.jpg'),
(10, 'Nahual', NULL, './src/calendariomaya/img/nahuales_habb/10 ajpu.jpg'),
(11, 'Nahual', NULL, './src/calendariomaya/img/nahuales_habb/11 imox.jpg'),
(12, 'Nahual', NULL, './src/calendariomaya/img/nahuales_habb/12 iq.jpg'),
(13, 'Nahual', NULL, './src/calendariomaya/img/nahuales_habb/13 aqabal.jpg'),
(14, 'Nahual', NULL, './src/calendariomaya/img/nahuales_habb/14 kat.jpg'),
(15, 'Nahual', NULL, './src/calendariomaya/img/nahuales_habb/15 kan.jpg'),
(16, 'Nahual', NULL, './src/calendariomaya/img/nahuales_habb/16 kame.jpg'),
(17, 'Nahual', NULL, './src/calendariomaya/img/nahuales_habb/17 kej.jpg'),
(18, 'Nahual', NULL, './src/calendariomaya/img/nahuales_habb/18 qanil.jpg'),
(19, 'Nahual', NULL, './src/calendariomaya/img/nahuales_habb/19 toj.jpg'),
(20, 'Nahual', NULL, './src/calendariomaya/img/nahuales_habb/20 tzi.jpg'),
(21, 'Winal', NULL, './src/calendariomaya/img/winales/1 pop.png'),
(22, 'Winal', NULL, './src/calendariomaya/img/winales/2 woo.png'),
(23, 'Winal', NULL, './src/calendariomaya/img/winales/3 zip.png'),
(24, 'Winal', NULL, './src/calendariomaya/img/winales/4 sots.png'),
(25, 'Winal', NULL, './src/calendariomaya/img/winales/5 tsek.png'),
(26, 'Winal', NULL, './src/calendariomaya/img/winales/6 xul.png'),
(27, 'Winal', NULL, './src/calendariomaya/img/winales/7 yaxkin.png'),
(28, 'Winal', NULL, './src/calendariomaya/img/winales/8 mol.png'),
(29, 'Winal', NULL, './src/calendariomaya/img/winales/9 chen.png'),
(30, 'Winal', NULL, './src/calendariomaya/img/winales/10 yax.png'),
(31, 'Winal', NULL, './src/calendariomaya/img/winales/11 sak.png'),
(32, 'Winal', NULL, './src/calendariomaya/img/winales/12 keh.png'),
(33, 'Winal', NULL, './src/calendariomaya/img/winales/13 mak.png'),
(34, 'Winal', NULL, './src/calendariomaya/img/winales/14 kankin.png'),
(35, 'Winal', NULL, './src/calendariomaya/img/winales/15 muan.png'),
(36, 'Winal', NULL, './src/calendariomaya/img/winales/16 pak.png'),
(37, 'Winal', NULL, './src/calendariomaya/img/winales/17 kayab.png'),
(38, 'Winal', NULL, './src/calendariomaya/img/winales/18 kumku.png'),
(39, 'Winal', NULL, './src/calendariomaya/img/winales/19 uayeb.png'),
(40, 'PathCholquij', NULL, '/calendariomaya/img/nahuales/Nahual'),
(41, 'PathNivel', NULL, '/calendariomaya/img/numeros_mayas/numero'),
(42, 'CholquijCalendarioLunar', NULL, '/calendariomaya/img/calendario-maya-lunar.png'),
(43, 'CholquijFormasDeContar', NULL, '/calendariomaya/img/rueda-calendario.jpg'),
(45, 'CholquijDias', NULL, '/calendariomaya/img/dias.jpg'),
(46, 'CholquijCholquij', NULL, '/calendariomaya/img/Cholquij.jpg'),
(47, 'HabbHabb', NULL, '/calendariomaya/img/CalendarioHabb.png');

-- --------------------------------------------------------

--
-- Estructura de tabla para la tabla `significado`
--

CREATE TABLE `significado` (
  `id` int NOT NULL,
  `significado` varchar(200) NOT NULL,
  `idNahual` int NOT NULL
) ENGINE=InnoDB DEFAULT CHARSET=utf8mb4 COLLATE=utf8mb4_0900_ai_ci;

--
-- Volcado de datos para la tabla `significado`
--

INSERT INTO `significado` (`id`, `significado`, `idNahual`) VALUES
(1, 'Enlace matrimonial', 1),
(2, 'Mono, hilo, amarrador', 1),
(3, 'El tiempo. desarrollo de la evoluci├│n humana, d├índonos la vida', 1),
(4, 'Nawal de medidor del tiempo y de toda clase de tejidos', 1),
(5, 'Es un buen d├¡a para recibir el destino como sacerdote Maya', 1),
(6, 'Orador, escultor, tallador y artista, m├║sica, flauta, deporte y siembra.', 1),
(7, 'Protecci├│n ante las tentaciones', 2),
(8, 'Protecci├│n ante los peligros del camino', 2),
(9, 'D├¡a para iniciar un proyecto', 2),
(10, 'D├¡a de protecci├│n de los pilotos', 2),
(11, 'D├¡a para encauzar mejor el destino', 2),
(12, 'El hogar y la familia de todas las generaciones tiernas; 8 Aj se celebra el d├¡a del ni├▒o.', 3),
(13, 'El bast├│n del poder de las virtudes divinas, sensatez, la palabra sagrada.', 3),
(14, 'Ca├▒a, s├¡mbolo que dej├│ Jun Ajpu Ixbalanke de su vida, cuando sembr├│ la ca├▒a en el patio, due├▒o del Hogar, y ternura.', 3),
(15, 'Nawal de las artes.', 3),
(16, 'Propicia energ├¡a espiritual y f├¡sica.', 4),
(17, 'Invocaci├│n por la lluvia.', 4),
(18, 'Invocaci├│n por la vida de los animales.', 4),
(19, 'D├¡a de invocaci├│n por la salud de toda la humanidad.', 4),
(20, 'D├¡a para realizar invocaciones para que las siembras est├®n protegidas de los animales.', 4),
(21, 'Agradecimiento por los bienes materiales, principalmente lo del dinero.', 5),
(22, 'Propicia buena suerte en el negocio.', 5),
(23, 'D├¡a de invocaci├│n porque las aves no molesten los sembrad├¡os.', 5),
(24, 'D├¡a para la protecci├│n del negocio.', 5),
(25, 'D├¡a para realizar invocaciones para que las siembras est├®n protegidas de los animales.', 5),
(26, 'Purificar el esp├¡ritu de los muertos y vivos.', 6),
(27, 'D├¡a para conmemorar los difuntos.', 6),
(28, 'Perd├│n para nuestros pecados.', 6),
(29, 'Agradecer el conocimiento y las ideas.', 7),
(30, 'Agradecer la inteligencia.', 7),
(31, 'D├¡a para acrecentar la memoria.', 7),
(32, 'Agradecer la inteligencia.', 7),
(33, 'D├¡a para pedir buenos consejos.', 7),
(34, 'Es protector de la justicia.', 8),
(35, 'Es fuerte y servicial.', 8),
(36, 'Es incansable por lo que quiere lograr.', 8),
(37, 'Puede llegar a ser Gu├¡a Espiritual.', 8),
(38, 'Posee habilidad para arreglar fracturas en los huesos.', 8),
(39, 'Se puede defender muy bien ante cualquier problema.', 8),
(40, 'D├¡a del terapeuta (el que arregla huesos) y de la comadrona.', 9),
(41, 'Uno de los d├¡as para tratar enfermedades.', 9),
(42, 'D├¡a para invocar por la familia (hogar) y la comunidad.', 9),
(43, 'Uno de los d├¡as especiales para pedir lluvia.', 9),
(44, 'D├¡a para invocar para que los ni├▒os y ni├▒as al nacer no vengan con defectos f├¡sicos.', 9),
(45, 'D├¡a para ofrendar a los abuelos y abuelas fallecidas.', 10),
(46, 'D├¡a propicio para tratar enfermedades.', 10),
(47, 'Se pide la vida y la fuerza.', 10),
(48, 'D├¡a para pedir el triunfo del bien sobre el mal.', 10),
(49, 'Tratamiento de las perturbaciones mentales.', 11),
(50, 'D├¡a especial para invocar por el agua.', 11),
(51, 'Invocaciones para mantener el equilibrio mental, espiritual, f├¡sico y emocional.', 11),
(52, 'Es d├¡a propicio para efectuar ceremonias al esp├¡ritu del aire o viento.', 12),
(53, 'D├¡a para tratar enfermedades respiratorias, psicol├│gicas y emocionales.', 12),
(54, 'D├¡a de invocaci├│n para que el aire no destruya las siembras.', 12),
(55, 'Aclara los conocimientos.', 13),
(56, 'Aclara el camino de la vida.', 13),
(57, 'Conduce a nuevas oportunidades de la vida.', 13),
(58, 'Ilumina las cosas ocultas.', 13),
(59, 'D├¡a para agradecer la creaci├│n del ser humano.', 13),
(60, 'Se puede pedir por la liberaci├│n de alg├║n preso.', 14),
(61, 'Pedir porque el parto sea normal.', 14),
(62, 'D├¡a del desenvolvimiento e investigaci├│n de la ciencia.', 14),
(63, 'D├¡a para arreglar problemas emocionales y de amor.', 14),
(64, 'Invocaciones por la igualdad y justicia.', 15),
(65, 'D├¡a para desarrollar la fuerza f├¡sica.', 15),
(66, 'D├¡a para desarrollar el fuego interior y la evoluci├│n espiritual.', 15),
(67, 'Uno de los d├¡as para realizar invocaciones por la lluvia.', 15),
(68, 'D├¡a para alejar el enojo, la timidez y el mal car├ícter.', 15),
(69, 'Es un d├¡a bueno para el negocio.', 16),
(70, 'D├¡a especial para comunicarse con los ancestros.', 16),
(71, 'Fortalecimiento de la vida.', 16),
(72, 'D├¡a para pedir protecci├│n en los viajes.', 16),
(73, 'D├¡a para contrarrestar enfermedades.', 16),
(74, 'La cruz maya.', 17),
(75, 'Los cuatro puntos cardinales.', 17),
(76, 'Los cuatro sostenes de la tierra.', 17),
(77, 'Nawal de los defensores.', 17),
(78, 'Los cuatro colores de las energ├¡as.', 17),
(79, 'Caballo, fuerza, aguantador.', 17),
(80, 'Nawal de la semilla.', 18),
(81, 'germinaci├│n de todos los seres vivientes.', 18),
(82, 'D├¡a de la construcci├│n de los primeros abuelos del ma├¡z.', 18),
(83, 'De grandes virtudes.', 19),
(84, 'Es creativo, comunicativo y din├ímico.', 19),
(85, 'Practica la sinceridad.', 19),
(86, 'Es analista, imaginativo e intuitivo.', 19),
(87, 'De car├ícter abierta.', 19),
(88, 'Es rom├íntico.', 19),
(89, 'Invocar por el orden y la exactitud.', 20),
(90, 'Puede interpretar lo conocido y lo desconocido.', 20),
(91, 'Se invoca el d├¡a para que gu├¡e y cuide el camino.', 20),
(92, 'D├¡a para contrarrestar calumnias y ofensas.', 20),
(93, 'D├¡a de protecci├│n ante la ley.', 20);

-- --------------------------------------------------------

--
-- Estructura de tabla para la tabla `usuario`
--

CREATE TABLE `usuario` (
  `username` varchar(40) NOT NULL,
  `password` varchar(100) NOT NULL,
  `email` varchar(100) NOT NULL,
  `nombre` varchar(50) NOT NULL,
  `apellido` varchar(50) NOT NULL,
  `nacimiento` date DEFAULT NULL,
  `telefono` varchar(15) DEFAULT NULL,
  `rol` int NOT NULL
) ENGINE=InnoDB DEFAULT CHARSET=utf8;

--
-- Volcado de datos para la tabla `usuario`
--

INSERT INTO `usuario` (`username`, `password`, `email`, `nombre`, `apellido`, `nacimiento`, `telefono`, `rol`) VALUES
('admin', '12345678', 'admin@gmail.com', 'admin', 'admin', '2000-01-01', '12345678', 1),
('BryanGG-13', 'haha7090', 'bryanrene-gomezgomez@cunoc.edu.gt', 'Bryan Rene', 'Gomez Gomez', '1999-04-22', '48438764', 2),
('guest', 'guest', 'guest@gmail.com', 'guest', 'guest', '0001-01-01', '1', 2);

-- --------------------------------------------------------

--
-- Estructura de tabla para la tabla `winal`
--

CREATE TABLE `winal` (
  `id` int NOT NULL,
  `nombre` varchar(10) NOT NULL,
  `descripcion` varchar(45) NOT NULL,
  `dias` int DEFAULT NULL,
  `idImagen` int DEFAULT NULL
) ENGINE=InnoDB DEFAULT CHARSET=utf8;

--
-- Volcado de datos para la tabla `winal`
--

INSERT INTO `winal` (`id`, `nombre`, `descripcion`, `dias`, `idImagen`) VALUES
(1, 'POP', 'SIN DESCRIPCION', 20, 21),
(2, 'WOO\'', 'SIN DESCRIPCION', 20, 22),
(3, 'ZIP', 'SIN DESCRIPCION', 20, 23),
(4, 'ZOTZ\'', 'SIN DESCIPCION', 20, 24),
(5, 'TZEK', 'SIN DESCIPCION', 20, 25),
(6, 'XUL', 'SIN DESCRIPCION', 20, 26),
(7, 'YAXK\'IN', 'SIN DESCRIPCION', 20, 27),
(8, 'MOL', 'SIN DESCRIPCION', 20, 28),
(9, 'CHEN', 'SIN DESCRIPCION', 20, 29),
(10, 'YAX', 'SIN DESCRIPCION', 20, 30),
(11, 'ZAC', 'SIN DESCRIPCION', 20, 31),
(12, 'CEJ', 'SIN DESCRIPCION', 20, 32),
(13, 'MAK', 'SIN DESCRICPION', 20, 33),
(14, 'KANKIJ', 'SIN DESCRIPCION', 20, 34),
(15, 'MUWAN', 'SIN DESCRIPCION', 20, 35),
(16, 'PAX', 'SIN DESCRIPCION', 20, 36),
(17, 'K\'AYAB\'', 'SIN DESCRIPCION', 20, 37),
(18, 'KUMKU', 'SIN DESCRIPCION', 20, 38),
(19, 'UAYEB\'', 'SIN DESCRIPCION', 5, 39);

--
-- Índices para tablas volcadas
--

--
-- Indices de la tabla `calendariocholqij`
--
ALTER TABLE `calendariocholqij`
  ADD PRIMARY KEY (`id`),
  ADD KEY `FK_Id_Nagual` (`nahual`),
  ADD KEY `FK_Id_Energia` (`energia`);

--
-- Indices de la tabla `calendariohaab`
--
ALTER TABLE `calendariohaab`
  ADD PRIMARY KEY (`id`),
  ADD KEY `FK_Id_Nahual` (`nahual`),
  ADD KEY `FK_Id_Winal` (`winal`);

--
-- Indices de la tabla `cargador`
--
ALTER TABLE `cargador`
  ADD PRIMARY KEY (`nombre`);

--
-- Indices de la tabla `categoria`
--
ALTER TABLE `categoria`
  ADD PRIMARY KEY (`id`);

--
-- Indices de la tabla `categorizar`
--
ALTER TABLE `categorizar`
  ADD KEY `FK_IDCATEGORIA_CATEGORIZAR_CATEGORIA` (`idCategoria`),
  ADD KEY `FK_IDHECHO_CATEGORIZAR_HECHOHISTORICO` (`idHechoHistorico`);

--
-- Indices de la tabla `debilidad`
--
ALTER TABLE `debilidad`
  ADD PRIMARY KEY (`id`),
  ADD KEY `FK_IDNAHUAL_DEBILIDAD_ID_NAHUAL` (`idNahual`);

--
-- Indices de la tabla `edicion`
--
ALTER TABLE `edicion`
  ADD PRIMARY KEY (`id`),
  ADD KEY `FK_ID_TEMA` (`idHechoHistorico`),
  ADD KEY `FK_ID_USER_R` (`username`);

--
-- Indices de la tabla `energia`
--
ALTER TABLE `energia`
  ADD PRIMARY KEY (`id`),
  ADD KEY `FK_IDIMAGEN_ENERGIA_ID_IMAGEN` (`idImagen`);

--
-- Indices de la tabla `fortaleza`
--
ALTER TABLE `fortaleza`
  ADD PRIMARY KEY (`id`),
  ADD KEY `FK_IDNAHUAL_FORTALEZA_ID_NAHUAL` (`idNahual`);

--
-- Indices de la tabla `hechohistorico`
--
ALTER TABLE `hechohistorico`
  ADD PRIMARY KEY (`id`);

--
-- Indices de la tabla `informacion`
--
ALTER TABLE `informacion`
  ADD PRIMARY KEY (`id`);

--
-- Indices de la tabla `nahual`
--
ALTER TABLE `nahual`
  ADD PRIMARY KEY (`id`),
  ADD KEY `FK_IDIMAGEN_NAHUAL_ID_IMAGEN` (`idImagen`);

--
-- Indices de la tabla `rol`
--
ALTER TABLE `rol`
  ADD PRIMARY KEY (`id`);

--
-- Indices de la tabla `rutaimagen`
--
ALTER TABLE `rutaimagen`
  ADD PRIMARY KEY (`id`);

--
-- Indices de la tabla `significado`
--
ALTER TABLE `significado`
  ADD PRIMARY KEY (`id`),
  ADD KEY `FK_IDNAHUAL_CARACTERISTICA_ID_NAHUAL` (`idNahual`);

--
-- Indices de la tabla `usuario`
--
ALTER TABLE `usuario`
  ADD PRIMARY KEY (`username`),
  ADD KEY `FK_ROL_ROLES` (`rol`);

--
-- Indices de la tabla `winal`
--
ALTER TABLE `winal`
  ADD PRIMARY KEY (`id`),
  ADD KEY `FK_IDIMAGEN_WINAL_ID_IMAGEN` (`idImagen`);

--
-- AUTO_INCREMENT de las tablas volcadas
--

--
-- AUTO_INCREMENT de la tabla `calendariocholqij`
--
ALTER TABLE `calendariocholqij`
  MODIFY `id` int NOT NULL AUTO_INCREMENT, AUTO_INCREMENT=261;

--
-- AUTO_INCREMENT de la tabla `calendariohaab`
--
ALTER TABLE `calendariohaab`
  MODIFY `id` int NOT NULL AUTO_INCREMENT, AUTO_INCREMENT=366;

--
-- AUTO_INCREMENT de la tabla `categoria`
--
ALTER TABLE `categoria`
  MODIFY `id` int NOT NULL AUTO_INCREMENT;

--
-- AUTO_INCREMENT de la tabla `debilidad`
--
ALTER TABLE `debilidad`
  MODIFY `id` int NOT NULL AUTO_INCREMENT, AUTO_INCREMENT=132;

--
-- AUTO_INCREMENT de la tabla `edicion`
--
ALTER TABLE `edicion`
  MODIFY `id` int NOT NULL AUTO_INCREMENT;

--
-- AUTO_INCREMENT de la tabla `energia`
--
ALTER TABLE `energia`
  MODIFY `id` int NOT NULL AUTO_INCREMENT, AUTO_INCREMENT=14;

--
-- AUTO_INCREMENT de la tabla `fortaleza`
--
ALTER TABLE `fortaleza`
  MODIFY `id` int NOT NULL AUTO_INCREMENT, AUTO_INCREMENT=199;

--
-- AUTO_INCREMENT de la tabla `hechohistorico`
--
ALTER TABLE `hechohistorico`
  MODIFY `id` int NOT NULL AUTO_INCREMENT, AUTO_INCREMENT=8;

--
-- AUTO_INCREMENT de la tabla `informacion`
--
ALTER TABLE `informacion`
  MODIFY `id` int NOT NULL AUTO_INCREMENT, AUTO_INCREMENT=11;

--
-- AUTO_INCREMENT de la tabla `nahual`
--
ALTER TABLE `nahual`
  MODIFY `id` int NOT NULL AUTO_INCREMENT, AUTO_INCREMENT=21;

--
-- AUTO_INCREMENT de la tabla `rol`
--
ALTER TABLE `rol`
  MODIFY `id` int NOT NULL AUTO_INCREMENT, AUTO_INCREMENT=3;

--
-- AUTO_INCREMENT de la tabla `rutaimagen`
--
ALTER TABLE `rutaimagen`
  MODIFY `id` int NOT NULL AUTO_INCREMENT, AUTO_INCREMENT=48;

--
-- AUTO_INCREMENT de la tabla `significado`
--
ALTER TABLE `significado`
  MODIFY `id` int NOT NULL AUTO_INCREMENT, AUTO_INCREMENT=94;

--
-- AUTO_INCREMENT de la tabla `winal`
--
ALTER TABLE `winal`
  MODIFY `id` int NOT NULL AUTO_INCREMENT, AUTO_INCREMENT=20;

--
-- Restricciones para tablas volcadas
--

--
-- Filtros para la tabla `calendariocholqij`
--
ALTER TABLE `calendariocholqij`
  ADD CONSTRAINT `FK_Id_Energia` FOREIGN KEY (`energia`) REFERENCES `energia` (`id`),
  ADD CONSTRAINT `FK_Id_Nagual` FOREIGN KEY (`nahual`) REFERENCES `nahual` (`id`);

--
-- Filtros para la tabla `calendariohaab`
--
ALTER TABLE `calendariohaab`
  ADD CONSTRAINT `FK_Id_Nahual` FOREIGN KEY (`nahual`) REFERENCES `nahual` (`id`),
  ADD CONSTRAINT `FK_Id_Winal` FOREIGN KEY (`winal`) REFERENCES `winal` (`id`);

--
-- Filtros para la tabla `categorizar`
--
ALTER TABLE `categorizar`
  ADD CONSTRAINT `FK_IDCATEGORIA_CATEGORIZAR_CATEGORIA` FOREIGN KEY (`idCategoria`) REFERENCES `categoria` (`id`),
  ADD CONSTRAINT `FK_IDHECHO_CATEGORIZAR_HECHOHISTORICO` FOREIGN KEY (`idHechoHistorico`) REFERENCES `hechohistorico` (`id`);

--
-- Filtros para la tabla `debilidad`
--
ALTER TABLE `debilidad`
  ADD CONSTRAINT `FK_IDNAHUAL_DEBILIDAD_ID_NAHUAL` FOREIGN KEY (`idNahual`) REFERENCES `nahual` (`id`);

--
-- Filtros para la tabla `edicion`
--
ALTER TABLE `edicion`
  ADD CONSTRAINT `FK_ID_TEMA` FOREIGN KEY (`idHechoHistorico`) REFERENCES `hechohistorico` (`id`),
  ADD CONSTRAINT `FK_ID_USER_R` FOREIGN KEY (`username`) REFERENCES `usuario` (`username`);

--
-- Filtros para la tabla `energia`
--
ALTER TABLE `energia`
  ADD CONSTRAINT `FK_IDIMAGEN_ENERGIA_ID_IMAGEN` FOREIGN KEY (`idImagen`) REFERENCES `rutaimagen` (`id`);

--
-- Filtros para la tabla `fortaleza`
--
ALTER TABLE `fortaleza`
  ADD CONSTRAINT `FK_IDNAHUAL_FORTALEZA_ID_NAHUAL` FOREIGN KEY (`idNahual`) REFERENCES `nahual` (`id`);

--
-- Filtros para la tabla `nahual`
--
ALTER TABLE `nahual`
  ADD CONSTRAINT `FK_IDIMAGEN_NAHUAL_ID_IMAGEN` FOREIGN KEY (`idImagen`) REFERENCES `rutaimagen` (`id`);

--
-- Filtros para la tabla `significado`
--
ALTER TABLE `significado`
  ADD CONSTRAINT `FK_IDNAHUAL_CARACTERISTICA_ID_NAHUAL` FOREIGN KEY (`idNahual`) REFERENCES `nahual` (`id`);

--
-- Filtros para la tabla `usuario`
--
ALTER TABLE `usuario`
  ADD CONSTRAINT `FK_ROL_ROLES` FOREIGN KEY (`rol`) REFERENCES `rol` (`id`);

--
-- Filtros para la tabla `winal`
--
ALTER TABLE `winal`
  ADD CONSTRAINT `FK_IDIMAGEN_WINAL_ID_IMAGEN` FOREIGN KEY (`idImagen`) REFERENCES `rutaimagen` (`id`);
COMMIT;

/*!40101 SET CHARACTER_SET_CLIENT=@OLD_CHARACTER_SET_CLIENT */;
/*!40101 SET CHARACTER_SET_RESULTS=@OLD_CHARACTER_SET_RESULTS */;
/*!40101 SET COLLATION_CONNECTION=@OLD_COLLATION_CONNECTION */;
